delay_before_connection_ms,observation,first_outcome,first_total,second_outcome,second_total,probe_outcome,probe_total,process_count,responding_count,application_event_count,observation_sha256,receipt_sha256
0,1,menu,7,menu,,menu,0,1,1,0,af5efb0e925a32e7b5941aea9b6ee7445ae4ba7bb7a6e97e9be236f484e033bc,0a8c99146331beafc827a2628c86c4135c5e7aa2b5bb370dc8bf613a719a02d8
0,2,menu,7,menu,,menu,0,1,1,0,fb83603c83354e349445c9ae1f3929a2c90af2f83d2f896e13a0f86979323a3c,1a26ac59d7e62aa4f12b82702f2e3ce771a5ed80aaf11ecdec5523e34097bd88
0,3,menu,7,menu,,menu,0,1,1,0,deff0bbcf1693e17eb2d62e941dc4d5ebcec51149839c9434e6bb433dbf29dbe,e097b2d100d237b35b7ccef47db183aeb4c7b7242ace22bdfebfa656c8c8feee
0,4,menu,7,menu,,menu,0,1,1,0,e7743fbbc887a6d7a019ad88b645f1c19902c8e198562931d0e4e9585db132f6,03597026de7ee7739b1db7f0427880251ae181493ef4bda1bb94de06755e3dae
50,1,menu,7,menu,,menu,13,1,1,0,173cfc0343c609032c37389e032f3fa8f4923daf39eb57890bf0ba7d2ac9a93c,e58547e8f915f4e5f7e02e1d0c85757b70d6251e1ba0be3e95be64287194165d
50,2,menu,7,menu,,menu,13,1,1,0,d640737f8f55cd7e6e4e2d782873465e0c36f64b3b150bfd4e6a635e1bb727e9,5a9c2751594c2c9e7954f1da014c504e72a58253b776545364b5ad4066992a3f
50,3,menu,7,menu,,menu,13,1,1,0,ed969635a6bf303935c1d3a704886813de8ef028afade1bbde0140a30838278c,359e8d8aef614c32a5289bf56fd539d36745e2fe5d1499bd1d289fab5aea3bb3
50,4,menu,7,menu,,menu,13,1,1,0,a4d2a54338b39f1b87dd3b3cb1e139f6c702084d07fa8cec918e1a7ca9411bae,abbb80a4b9238ffbd201483ca985d6c33c3daa00914809532b35b1c2f17db746
100,1,menu,7,menu,,menu,13,1,1,0,1ce8cb5e5df437ad88c0f876c52d485b69131635f5798716b80c2d79b0d23ca5,9b9b4f0fa3f966a41f80312796bbd9bad63ab909918bf30dadce6075beaff23c
100,2,menu,7,menu,,menu,13,1,1,0,85fdef71a1ecc8962119c1eb14670bce34f7b9f163cf7af3dc8a9c5870980a90,0517457a78e55456ecbaac7d92b537d83807a0eedb461b5f84aad06d4ec179e9
100,3,menu,7,menu,,menu,13,1,1,0,e8ee00d9001a89255d73a33c768be55c44bca5beb4abd0fd52ddd509a3a158f0,a4a748ca77a39a75f7c4888f4574753e97f66164e1a34ecc067495aea55cfef2
100,4,menu,7,menu,,menu,13,1,1,0,2a96a9ce8ca1a7b9d4a31c34283fe99b3849044c54b4dddca7d2619acaec078c,9c42f307c3b3386b93d73ddd95a4cb7c5237bacb70d0ba5a3cd58b18423ada89
250,1,menu,7,menu,,menu,13,1,1,0,cf4abf30fa383cf19a92e60ae2430d61b050b6189d691cbc670c1b68bfb2249f,9f2813770a82f30cbaa3cda0503432528555b73a6f78e92c870c44000238aae4
250,2,menu,7,menu,,menu,13,1,1,0,6957b7429153297f8e0466bff241d0a8ec69c84f37ee82ef084f458d40c485e6,274c6639f5a5c2a8582075da24da15edb08a1e04eeb5db409d90acedecbe777d
250,3,menu,7,menu,,menu,13,1,1,0,3af88c34fb7799add03dc71a3d655816d532092ebdf05e335995d8b174395a50,5dee9e883d3e0f8ec9e6aabd469b4bb24e41cad190bf43b625d433b4787bba53
250,4,menu,7,menu,,menu,13,1,1,0,0d23a775708502a1dac158248183b9ca75f05d5e259dd0c20bd73b0944ab9c64,438f9ec871f391ffa358adfb3c86e1e3053183c01ae15a022e76276370109201
500,1,menu,7,menu,,menu,13,1,1,0,285acec8de4295cae209ec3a44f496a223b854c07a88473a470bd1b31e61d9fa,bba37c44d1f0841010fc04975d60a9ce5c62f79be6750da32ff2aa10d2de12ee
500,2,menu,7,menu,,menu,13,1,1,0,1cb0c32e1b7c25409470b9e75202920e54ab7292378f4ea70c19a9f8d832cb51,a7b25fc43a569bd3b0dd048c211c4e45cbd90877a9689fd38772c185a1b245ed
500,3,menu,7,menu,,menu,13,1,1,0,b25450dfb19f3d823527e305431ebdc0b4f80e66b901523df0967a293b8a4a4c,3a5fa698d9177e9c2c694eeff94922ceb853eaf6b7fc0f5144df5b7a1c2cef62
500,4,menu,7,menu,,menu,13,1,1,0,5a3f32bb9def30459aabda443be8853b27e0ebaa82d24dc8f5ce741c5f67198f,2030c132eca7edc2fb03cd6a4b6b4bd573edd880c2df0e42345a4c90ea536b2c
1000,1,menu,7,menu,,menu,13,1,1,0,4896921effd37d5749178c867654364c7c877efd95f34d4e03a7430f93d2641f,a2708d72476d183e9f67a98d7d0f876bb2d5b02e6594cca2c94063a0567389de
1000,2,menu,7,menu,,menu,13,1,1,0,c1526c266c6d17fe2b7eaeac79f249e2b3a903dba70bdf1ce1b8588d5441d018,0a3432b75bcc9a115a5923c9470de653afe79f62a7f04f50e6242650a5f9e144
1000,3,menu,7,menu,,menu,13,1,1,0,a29222423cf8f1d17509f680ca7f8e981990be3abfe96721ad8271e3608d8b1d,0b29b58310d1c275f793587e84cc99006cf47c5e5584d039cb474d26b5a10a01
1000,4,menu,7,menu,,menu,13,1,1,0,2364a236743b8da91c37f7388091a37452161f1d33abb5f9edeb10e5d021bacb,fc33fe5aa474b7aba8bef5e9c497d1bf5da382b291bd77093fd9d2030fd3a7b4
3000,1,menu,7,menu,,menu,13,1,1,0,96eeeddb142c2d6379c3a253fbd2cf600eb0730e43ceb1fe1c6016a2971b26dd,ed473cc884ff545fd8c456ed31a9426c551f6b015b8232dbb4b6683f5c118d24
3000,2,menu,7,menu,,menu,13,1,1,0,8e8130453aa309d629b1c0bce6d7610cbcc4d0216cc2434af81578cc64c6649c,f0d4ec29b7093d46913e2f05a5a6ae347b8e507ca688093e5a886f604fd6884b
3000,3,menu,7,menu,,menu,13,1,1,0,95126c3a53d73757d1537505d2fca707869beb32df8d2afd4605ccefd27d23e4,a4045db770d69a295e9ff2b2d4c125e0cc5a42b49c2eadda021d6237385a43a1
3000,4,menu,7,menu,,menu,13,1,1,0,44dba76252d80aadb9237fdb1571ce1c0f691cec54613b22191e1286d7c15534,e92df187e935d8708aed9aca6d439abe7c5dc987de997f75ec43fc0cf0551dc9
