case,sort_id,row,title,argument_0,argument_5,argument_6,argument_12,argument_13,argument_14,argument_15
00-default,0,0,Alpha One,5001,Am - 120.0 bpm,3844,5001,6,Am,12000
00-default,0,1,Alpha Two,5002,C - 120.5 bpm,3844,5002,4,C,12050
00-default,0,2,Beta One,5001,Am - 121.0 bpm,3844,5001,6,Am,12100
00-default,0,3,Boundary Fifty Nine,5002,C - 121.5 bpm,3844,5002,4,C,12150
00-default,0,4,Boundary Sixty,5001,Am - 122.0 bpm,3844,5001,6,Am,12200
00-default,0,5,Maximum Ordinary,5002,C - 123.5 bpm,3844,5002,4,C,12350
00-default,0,6,Unicode Ω Search,5002,C - 122.5 bpm,3844,5002,4,C,12250
00-default,0,7,Unknown Album,5001,Am - 123.0 bpm,3844,5001,6,Am,12300
01-alphabet,1,0,Alpha One,0,Alpha One,1028,5001,6,Am,12000
01-alphabet,1,1,Alpha Two,0,Alpha Two,1028,5002,4,C,12050
01-alphabet,1,2,Beta One,0,Beta One,1028,5001,6,Am,12100
01-alphabet,1,3,Boundary Fifty Nine,0,Boundary Fifty Nine,1028,5002,4,C,12150
01-alphabet,1,4,Boundary Sixty,0,Boundary Sixty,1028,5001,6,Am,12200
01-alphabet,1,5,Maximum Ordinary,0,Maximum Ordinary,1028,5002,4,C,12350
01-alphabet,1,6,Unicode Ω Search,0,Unicode Ω Search,1028,5002,4,C,12250
01-alphabet,1,7,Unknown Album,0,Unknown Album,1028,5001,6,Am,12300
02-artist,2,0,Alpha One,0,Alpha Artist,1796,5001,6,Am,12000
02-artist,2,1,Alpha Two,0,Alpha Artist,1796,5002,4,C,12050
02-artist,2,2,Beta One,0,Alpha Artist,1796,5001,6,Am,12100
02-artist,2,3,Boundary Fifty Nine,0,Alpha Artist,1796,5002,4,C,12150
02-artist,2,4,Boundary Sixty,0,Alpha Artist,1796,5001,6,Am,12200
02-artist,2,5,Maximum Ordinary,0,Beta Artist,1796,5002,4,C,12350
02-artist,2,6,Unicode Ω Search,0,Beta Artist,1796,5002,4,C,12250
02-artist,2,7,Unknown Album,0,Beta Artist,1796,5001,6,Am,12300
03-album,3,0,Alpha One,0,Album One,516,5001,6,Am,12000
03-album,3,1,Beta One,0,Album One,516,5001,6,Am,12100
03-album,3,2,Boundary Fifty Nine,0,Album One,516,5002,4,C,12150
03-album,3,3,Maximum Ordinary,0,Album Three,516,5002,4,C,12350
03-album,3,4,Unicode Ω Search,0,Album Three,516,5002,4,C,12250
03-album,3,5,Alpha Two,0,Album Two,516,5002,4,C,12050
03-album,3,6,Boundary Sixty,0,Album Two,516,5001,6,Am,12200
03-album,3,7,Unknown Album,0,,516,5001,6,Am,12300
04-bpm,4,0,Alpha One,12000,120.0 bpm - Am,3332,5001,6,Am,12000
04-bpm,4,1,Alpha Two,12050,120.5 bpm - C,3332,5002,4,C,12050
04-bpm,4,2,Beta One,12100,121.0 bpm - Am,3332,5001,6,Am,12100
04-bpm,4,3,Boundary Fifty Nine,12150,121.5 bpm - C,3332,5002,4,C,12150
04-bpm,4,4,Boundary Sixty,12200,122.0 bpm - Am,3332,5001,6,Am,12200
04-bpm,4,5,Unicode Ω Search,12250,122.5 bpm - C,3332,5002,4,C,12250
04-bpm,4,6,Unknown Album,12300,123.0 bpm - Am,3332,5001,6,Am,12300
04-bpm,4,7,Maximum Ordinary,12350,123.5 bpm - C,3332,5002,4,C,12350
05-rating,5,0,Unicode Ω Search,5,,2564,5002,4,C,12250
05-rating,5,1,Boundary Sixty,4,,2564,5001,6,Am,12200
05-rating,5,2,Boundary Fifty Nine,3,,2564,5002,4,C,12150
05-rating,5,3,Beta One,2,,2564,5001,6,Am,12100
05-rating,5,4,Alpha Two,1,,2564,5002,4,C,12050
05-rating,5,5,Maximum Ordinary,1,,2564,5002,4,C,12350
05-rating,5,6,Alpha One,0,,2564,5001,6,Am,12000
05-rating,5,7,Unknown Album,0,,2564,5001,6,Am,12300
06-genre,6,0,Alpha One,0,Fixture House,1540,5001,6,Am,12000
06-genre,6,1,Beta One,0,Fixture House,1540,5001,6,Am,12100
06-genre,6,2,Boundary Sixty,0,Fixture House,1540,5001,6,Am,12200
06-genre,6,3,Unknown Album,0,Fixture House,1540,5001,6,Am,12300
06-genre,6,4,Alpha Two,0,Fixture Techno,1540,5002,4,C,12050
06-genre,6,5,Boundary Fifty Nine,0,Fixture Techno,1540,5002,4,C,12150
06-genre,6,6,Maximum Ordinary,0,Fixture Techno,1540,5002,4,C,12350
06-genre,6,7,Unicode Ω Search,0,Fixture Techno,1540,5002,4,C,12250
10-label,10,0,Alpha One,0,Fixture Label One,3588,5001,6,Am,12000
10-label,10,1,Beta One,0,Fixture Label One,3588,5001,6,Am,12100
10-label,10,2,Boundary Sixty,0,Fixture Label One,3588,5001,6,Am,12200
10-label,10,3,Unknown Album,0,Fixture Label One,3588,5001,6,Am,12300
10-label,10,4,Alpha Two,0,Fixture Label Two,3588,5002,4,C,12050
10-label,10,5,Boundary Fifty Nine,0,Fixture Label Two,3588,5002,4,C,12150
10-label,10,6,Maximum Ordinary,0,Fixture Label Two,3588,5002,4,C,12350
10-label,10,7,Unicode Ω Search,0,Fixture Label Two,3588,5002,4,C,12250
12-key,12,0,Alpha One,14,Am - 120.0 bpm,3844,5001,6,Am,12000
12-key,12,1,Beta One,14,Am - 121.0 bpm,3844,5001,6,Am,12100
12-key,12,2,Boundary Sixty,14,Am - 122.0 bpm,3844,5001,6,Am,12200
12-key,12,3,Unknown Album,14,Am - 123.0 bpm,3844,5001,6,Am,12300
12-key,12,4,Alpha Two,15,C - 120.5 bpm,3844,5002,4,C,12050
12-key,12,5,Boundary Fifty Nine,15,C - 121.5 bpm,3844,5002,4,C,12150
12-key,12,6,Maximum Ordinary,15,C - 123.5 bpm,3844,5002,4,C,12350
12-key,12,7,Unicode Ω Search,15,C - 122.5 bpm,3844,5002,4,C,12250
17-date-added,17,0,Boundary Fifty Nine,0,2024-05-05,11780,5002,4,C,12150
17-date-added,17,1,Maximum Ordinary,0,2023-09-09,11780,5002,4,C,12350
17-date-added,17,2,Beta One,0,2023-04-04,11780,5001,6,Am,12100
17-date-added,17,3,Unknown Album,0,2022-08-08,11780,5001,6,Am,12300
17-date-added,17,4,Alpha Two,0,2022-03-03,11780,5002,4,C,12050
17-date-added,17,5,Unicode Ω Search,0,2021-07-07,11780,5002,4,C,12250
17-date-added,17,6,Alpha One,0,2021-02-02,11780,5001,6,Am,12000
17-date-added,17,7,Boundary Sixty,0,2020-06-06,11780,5001,6,Am,12200
16-dj-play-count,16,0,Maximum Ordinary,7,,10756,5002,4,C,12350
16-dj-play-count,16,1,Unknown Album,6,,10756,5001,6,Am,12300
16-dj-play-count,16,2,Unicode Ω Search,5,,10756,5002,4,C,12250
16-dj-play-count,16,3,Boundary Sixty,4,,10756,5001,6,Am,12200
16-dj-play-count,16,4,Boundary Fifty Nine,3,,10756,5002,4,C,12150
16-dj-play-count,16,5,Beta One,2,,10756,5001,6,Am,12100
16-dj-play-count,16,6,Alpha Two,1,,10756,5002,4,C,12050
16-dj-play-count,16,7,Alpha One,0,,10756,5001,6,Am,12000
