id,kind,outcome,raw_bytes,decoded_bytes,message_kinds,error_kind,process_count,responding_count,application_event_count,application_event_signature,suite_sha256,golden_sha256,receipt_sha256
kind-2003--no-arguments,2003,timeout,0,0,,WouldBlock,1,1,0,[],193641440054d432cca107fbe3425087d3408af3d15878875a57354433f091de,59016e81b04a1ed625c8ab87410e7cbdf51cb82fbd17192790392881fbdbee3e,7ff2acbc4756923314d639c073c18732ca2b862dd369f7aa6001b2442f806119
kind-2003--context-only,2003,raw_reply,39,39,4002,,1,1,0,[],aace3fa31392f828e354bf9a72dd938875c45b1720b98feff694134529cf1ea6,078dec243ea61217724fe3f5a4bed9fec8578efb1296d90183cbd2fdc96ed38b,eaf278dc1648077cee0c2efe6609116625203b087a6a3d28a9a2364b27eea749
kind-2003--string-context,2003,raw_reply,20,20,0100,,1,1,0,[],9808a23162ed239f923cb3ace44e90c96f6330bf37fe3773355b709ba30b4578,17b69b80d7d7b2cb48166d9f52f3aefbf52dd5ac83cb666e31157ae8102bd93f,62ba23d2430cffaa80c227f92affaf0271015c2ce814e26f8bb59cc7285b0c74
kind-2003--blob-context,2003,raw_reply,20,20,0100,,1,1,0,[],a318c08fab6e36d52daf4e1db01ca7a1888e696bb974b405d09f40620fdfbf98,54477f42093a6d5583ac85afe0343aa462e791d6047b854aef01ec577458d434,f142a8bb41dec6a2cdbf087e0c95c3a70e6a41425776a4000f2e771b83877884
kind-2003--string-identifier,2003,raw_reply,39,39,4002,,1,1,0,[],bf214c9c91db5380a64e83e01a06033f89366a7e77a3e750dc06f03416348875,9b74c413434973e919e0660247195c727d5ffc416d7d9a49c2fe17f17936da3f,2c1b36f5ae9b3cf4e2eb3e008b457490213b0b0968ea9a566860f469238113a6
kind-2003--extra-number,2003,raw_reply,39,39,4002,,1,1,0,[],14af18ebf2650d276803b14080faf614c188ea5ae47bf5116c9af5ffceedc145,157c256e023dc90b07975cb7dcab7fc68c410ecf1548a0fa296159d6dfe1c41f,c824e6bdacad6760a517b9a87febc436b2cd62741274ccf47a7e295817749efc
kind-2103--no-arguments,2103,timeout,0,0,,WouldBlock,1,1,0,[],6da0f7b2e14d791587213cd8789355e363b3f966d1ddb925975bc7f1720692f4,921f29db7180454fc20f705d49aca1fdd8c3b33d8743ec5145a6df71e09581f5,cf2f8d03233a8bbcdf46dc5c5ec8d7e865a9cfed890b457b2889439f06449fe2
kind-2103--context-only,2103,raw_reply,39,39,4002,,1,1,0,[],2aa7b947ee77055f704855de0b7552424c16e1b4adf4239e902bb06ceba9f0c4,5fb8dfda16b98027910dc7becf37d518599886f82791ac83c757a621633641c0,b58a982488a1bcd3bf5a018e32a1b835b3a690ca107ae25824d08fea91370186
kind-2103--string-context,2103,raw_reply,20,20,0100,,1,1,0,[],9c2f0b2a709fe212a7a485ca2ecde3d576c6840e10d78d516ca93651f93c4ae8,17a0d9403c964633c1074683d81a9ff38002798ee50c0d0adcca167087b1a82f,9e08142d4352ace68852a0c0eaebb667bf9f99b57c0c561947d2ab131a553da7
kind-2103--blob-context,2103,raw_reply,20,20,0100,,1,1,0,[],dd14d63170e89d601eb589ce5127f62384320fc006999730ee7567680e4ea92b,ef4105ba25169cd5c237e1cc177672066e296d9f3ce66739a65a2b54fb1a3843,625b9d006bf87a5717ab9facb04345f6c48df11e73d0e54bf60d3acd5cce492b
kind-2103--string-identifier,2103,raw_reply,39,39,4002,,1,1,0,[],4b76e0a08f452250f5dd01b0de1f4eb3d6085d1f4b61bade90e8ab47df56a7d7,87f051d10a179328d5946081b6e5ff37902af3792127ad89cd776c8a65b57455,077846ba7bb9b6fc49841c4f0fe8e4a2940de6989aee8b4bd9eefb5ea567e960
kind-2103--extra-number,2103,raw_reply,39,39,4002,,1,1,0,[],90d52f27af54f025dadb0b55066d05f0c8995a9b3429f5d6170c0598afad2843,86eb7457901fdab3dd5ba7f31cab4ceb9e40d5089bc6edf62d0f114fda081f7c,b1cae1d9d8959b4c6fe5b79e96b61885c8a47e2177e23b80a3313361d5d7b41d
kind-2004--no-arguments,2004,timeout,0,0,,WouldBlock,1,1,0,[],a2331c2725f11231e87abf33c0d934f2155345173d66ad6bd9887de4680d19c5,5549b1290e0b81b3470e7093b456041b83edd49cd3b1baf280704b892658685f,2b853195711e743363d82c4fc196161c78396b64fda75aa5585b840c1afa14f4
kind-2004--context-only,2004,raw_reply,39,39,4402,,1,1,0,[],24caf6bc5f5c082b1abbc1766f939897bf8ba235df7418a72fb2ef97c037fca4,d779852aa9fd60b6cea007ad6a86161f2306d1a67f525f35b3e7c2fbb5f5a215,a19e6951756ea22293e012c6b0e68d481d55ad8a80464d459f850e9a508bc0c9
kind-2004--string-context,2004,raw_reply,20,20,0100,,1,1,0,[],2aef3861c3bb10725022e4eb7db08a430b375703fe18ef61c3d3b1132a906e95,fe768d1fd34e229a74cdb29d5bd599048d396c63bc76f51d239814cdc9efdc36,571e60b18ace9e4ced7259bac836bfc7fb14dba16314693838a3b1c4c71231a7
kind-2004--blob-context,2004,raw_reply,20,20,0100,,1,1,0,[],07459657c1953d90a44dafd5a0f7c66234c058a1464cd58dfad60b17a5def81d,a589bdefe205d27e9debed5b2439abc3bb003d302bce6e6a102e898d704d1780,d6aa8012ddf15e994ed1203790623db1d72242b29ee2d2424a0dc7a83e14f60b
kind-2004--string-identifier,2004,raw_reply,20,20,0100,,1,1,0,[],3fd91d90a69963d71c7c7068760a42808fecf07d8448b2094d9a16b5e046909a,7554136b282ca273e363a69c2afc73549a1952d1a9cb133fab5ec003265d4817,1ef617d619f522c387a06210f890e841c233c5ffb33726cd4e8d8ba6d28267f7
kind-2004--extra-number,2004,raw_reply,39,39,4402,,1,1,0,[],a0bf66318425237ced4fbb2db8c4d5c807020efd9ba02c9a621f9a1a1401c855,648048c0de79c5440b25944e187b6c37ff50ca3977196115f1da7d328ed6e848,1d779a6598bac598740ab4f08d37675866a8f83fc2bd6bbc478d71a7460d1036
kind-2104--no-arguments,2104,timeout,0,0,,WouldBlock,1,1,0,[],5a3a669c607802363246ba81fc6809c164ce91a42098a0a1268eb783742fed4f,4c6cb9b4e98e531b9296a86380b697e6ad6ad750e7eae566ea150b2989dcbb35,679195993482e831d93a5f1a4ee7f01e62abfdeba8c2b95eefc6b05dd54604aa
kind-2104--context-only,2104,raw_reply,64,64,4702,,1,1,0,[],bf697f1ede65012501ed48aabd37aedcd530b978213a4f33129f4a5d17209960,656aff8747f392786fbbf7c32549603935b93519f7ab2bc53ebec5c9f9eb5333,b836fa111b21545a8c7791277a4709308a1daa92ad392268fb07f70c19028596
kind-2104--string-context,2104,raw_reply,20,20,0100,,1,1,0,[],1fab4c634aabb531110e83bc3ab8ee5ff566a27536c291427271634ce043146d,ebaa88336e20bf24c964bd8a7084d712fc3f897e32a177c52b50a02b44db2134,0823d85a4f02283d6ab5edbbce6d2d0e66707f330271ebe60347b7bad1f78778
kind-2104--blob-context,2104,raw_reply,20,20,0100,,1,1,0,[],35e3cf766809097631e8523ec5d901b6eacdf49511647e75dee896da8629c34b,7f6f56044b72fcdcc33d8c96820c5b4c9365f7d2c14a9e1aa393eef3b5bdb0d8,600630be5ae4535c0e9aa1b1303382819dca0fa3ae1599269f06674a4778fd42
kind-2104--string-identifier,2104,raw_reply,64,64,4702,,1,1,0,[],a8e06a343b58a9617e5a855210a1963b679224c1ef7bae662412345c563d3d66,66587125a649f77e4fb7df6c9bd870549c437f1be929b232f91437d898a2e033,7f5ac6fc029a034e2261167af4c01a938d015a6bddeacfc5c22618baef9db830
kind-2104--extra-number,2104,raw_reply,64,64,4702,,1,1,0,[],fdb1954a1bec59938c5389264b9e90bcf234c856af5e9d34845758683b153fd4,4904e77c6b4bb24284034f60732a710dca7d08b6129a691cfbdddc9b5c154cef,81b03cfca350e0f94c038203cdf1dd70ebed2bbb50737e581aa0ffe467b110d0
kind-2204--no-arguments,2204,timeout,0,0,,WouldBlock,1,1,0,[],8a4827085ac87ad2bf7e71c21e96ead5398ba0673fc5acb9a34eacb7b9e2df02,43a5d831f6fbae040ad4941b5b7c3f0dbf5022f0d04a40984a05a42219b5bb3f,7fc565c924e866d70e6c4105ef7b370f63e0681ecc02a8540db8fccd4627754b
kind-2204--context-only,2204,raw_reply,45,45,4602,,1,1,0,[],3937ea456aaea5a30b469a638242ba8f2cce57f3c16dd82f1764f2d151163824,3e657a8a7c69ddfec43f48bc766ef3819a42a2a1df912d2dc00d3d90c16829a1,d9cc1fba9b6e08a255160b395244d2673e9634d7524e35a73889938afbf9deef
kind-2204--string-context,2204,raw_reply,20,20,0100,,1,1,0,[],a84a981269e13cca8fc0ad27fe7e3c9f6259b61a5906716d49f8873c70b3ff02,72c6b6c5ff2770f07177f2f1ffce3d97537fd5406e13858a33fb04b6391862a0,d018fa478105149a0afa21213c565e99d5828520a866d7327fd22237d18d5ce5
kind-2204--blob-context,2204,raw_reply,20,20,0100,,1,1,0,[],835e3de4716e031728902c29e56cadd6bca8c8cfbf3d770479113a2b382258b8,dd0e42fe5c2d65d6a2741f0e222234c01645bc5b220945be5282897226930f74,1deb951b92f07e420fbb1ade95991bc88df4430dbf16b56f2543537c780f8e9b
kind-2204--string-identifier,2204,raw_reply,45,45,4602,,1,1,0,[],9270a9eeb64940253119fb9500ba3a15f77694a48cf84142390f81468f59ca70,be059ca664df0c793f036df5e19d6854cef32a94f2489b2badc25e6f9597492a,e99b4247d8df9a3f72040bc30185675212d6f8c488ba35ac823a1b78ab4b6785
kind-2204--extra-number,2204,raw_reply,45,45,4602,,1,1,0,[],be58e58885aef0ff05662f0185b5e41930d7b4a55b068862bb50d6df92c31eb2,287039f869da474662259f7bf2ff5b3aa8cc557c7eac93be9cf4c148cc711f6f,33f2cf4d3a13568e283f734530cf2ff6a070751f0d2f7e9f37136f1cac373920
kind-2304--no-arguments,2304,timeout,0,0,,WouldBlock,1,1,0,[],ea89813976be929ee44ae0c1f23fbb9d426a352998a57fc00a15242cc07abb99,7bab6732d8d22b807733ae75e955e2b04cfd735527fd51faf4889eac5b13cc15,c15c1dad7604d514a5d72be805f17c074306cadbad2655629abb8523d00fb7ee
kind-2304--string-context,2304,raw_reply,20,20,0100,,1,1,0,[],b6137e341d727e52e03e249cd66fd30793d629d434537e9d874ce2156ce94fb0,65d03becfdd6ad9fbcb5d680aaae082068e79f5f8180e0079b4af9fa20e26877,7730d30e9ed5dae9932ff7405ae5565375885c93a022810538997f7802d395db
kind-2304--blob-context,2304,raw_reply,20,20,0100,,1,1,0,[],60f732342f9ceace747be638bfa6e4d1ff9aaa576af236569c3fbc89afd97559,15aacd14825a4ab4543b5c512fca3ea0f4bbb76438cd77864f71b5d238f967ba,9da5557452b0a01dab46747544e57afb942b8570038d3e7ef16ccdd46af13b9c
kind-2304--extra-number,2304,raw_reply,26,26,4003,,1,1,0,[],9c1573fa0f37256de3241808a5eef53943bc050a21a80196f3ba389b2771c0ba,99b698722420321da298c79e7e5a3ab7590300e2118aa22080756389dad47b94,b4fbb85daccafd5bd77ad0d8198fe62467ecc4b44caa3fcb84357bb6a96bb9f3
kind-2304--extra-string,2304,raw_reply,26,26,4003,,1,1,0,[],c28b0040183cc8a863d9884292f222a842fd616be170dd6b4df8656033d36502,96299f905a9ad19ff9ba9cdccbde496e2bce6acf067c1a23ac4d0a7bf1ea96f0,722ca71a4b048660b6c3fab7cf4ab1c89fb23e098f3595e1f7b82ce816ec67b9
kind-2304--thirty-two-tag-slots,2304,raw_reply,20,20,0100,,1,1,0,[],e4a4ca34e750aa093548aa20eefc2ee1875e1cda667de8925f430c9e6752d9bb,8802af076b6cb93f29e9e89e2d71b5e10275ae8e7b0fbeee469efcfa11da8bb2,4aa009e302a9fcf48a2dad8a6c12aac17b75f3dc9a15e1f5cabb6da30a39ed03
kind-2404--no-arguments,2404,timeout,0,0,,WouldBlock,1,1,0,[],423c5c60b9d4c7ba677aa8cb4a3a124b7b5764a7d98d78b2e471d23ffc141f59,6d2b649dd9a7c36765c5b43d599a481151b96908ed55a115bd207493b94e0dea,9f1dd46907840924ef169247bc595d7f6cd3d499f93ce43a7d6033e81514d9cc
kind-2404--string-context,2404,raw_reply,20,20,0100,,1,1,0,[],647a8e702d6bf09f321165329b0a21ecc3c4a8b2910c869fdc061df05d2be254,6f2e3bb25da4132577e336d85aa2ff27aedbb9d1efb8ad11b0d1f1034e43cb85,26502d542da66c1e282925908bc2a8e5034f8a177e4318579ce9ca228717eafc
kind-2404--blob-context,2404,raw_reply,20,20,0100,,1,1,0,[],5c7b1a2c0ca1446f81480e154725b9b05eed1368dca6ff3aa55f52d19bada99e,4ee5974a1b3613a24d9ba005b8142c8d6b6a4f4ae6d29c5c684eb98425d0019c,7f49c4a4efe746797f50e4cc66810f36bb2f40f7eb6ea097c4b0efef5abc734e
kind-2404--extra-number,2404,raw_reply,26,26,4003,,1,1,0,[],730f7b49fec40f2e50f34ab2aedf3c6401d0ebf6e807a13802d201fe3556a900,94316f3dea7798e6eb0ae2aa24d2c4e51d238a653d4e6f44d15b044f88f0fc83,7493fba2785252b1675a08052e9925af395cf009064cbb0dbfdfaddf29c3d7df
kind-2404--extra-string,2404,raw_reply,26,26,4003,,1,1,0,[],63388ba3833d9918c7a194e0f115a0307b8a516228aceb45ffa23bcc54afe754,a5b79f7702fe6b82d84fff64e56557c207e0d5a619cbfe29e067118410d70d01,c49874ab0438d7ba6d112ba487caa48abb2155753f57f2482df49bcecc19bca2
kind-2404--thirty-two-tag-slots,2404,raw_reply,20,20,0100,,1,1,0,[],efa86265a697bd78898ec3c8884b30a0d45db78e01102ae7d2eb2a108fc68a15,d1a1b7899bb143bb4846f78d659029a4c4b208fb156753292ff4c96f56aa4ce3,2f55bc08f1e001c0600dabd4d4d4d315ab7b4c56badabd9d6d79be80be6275ea
kind-2504--no-arguments,2504,timeout,0,0,,WouldBlock,1,1,0,[],64669d4bc5694eefff6e708de5362c9ddbbe663d92ef90f4fe19800cfdf3b3c6,c105599f653143df4defa7b5097f41aa2e5df874361fa9233c11d1ed09030837,5270bb0337eab1ef73b12a11aa4834a9e80b39602a1a97dcf5da66faed0b6d3e
kind-2504--context-only,2504,raw_reply,39,39,4502,,1,1,0,[],6b08adf74751048ce2fa103845290d09951a5bb7428fbc1b3d1cdeddd98fbf8a,5d4f1efe0bae504e397729d760508c0cd5705bb23a0b0363cb28c2dfb8d87c09,a4368fda608c61bdc6f55f3c49f3a9fd44cdd54dab406dc6055a9dbc31839cb5
kind-2504--string-context,2504,raw_reply,20,20,0100,,1,1,0,[],c70f14912df14406f14efbda24ccb621ebbdd44e55a98c1c14b18086c77b41ad,1fd756da586bebe81a39047a1a320a2155ff3f7d9d868eac909e8a2507a7e8fb,a2c8b19913a11208bcb6888eb73b6048771ff58bf4ea88b0524293de3246b100
kind-2504--blob-context,2504,raw_reply,20,20,0100,,1,1,0,[],ceca488cf4ed6c919e3e64daa2b4d7702365651273ed2ceef19aeef90be351b3,b859b05cebf76b9f46bd9d8c8c55029c0c4c1083a3ba01c17be51e4dcd84fb49,63ff50694ad176744f1b96669a6cc8eab5a53de14a2a7765f31adb2d8b324cb0
kind-2504--string-identifier,2504,raw_reply,39,39,4502,,1,1,0,[],396410546ddf6629c0bf79f3541de1fa255e02634e51ef39c01407587e977b1a,530dd37b07c987a56bccc6e5adb7cce5b8046f22cfd3248b3961db80fd130430,98dc2f7c9e3f9875fe8b8ab9e2b621f12350d6e3240991c4a2b87d7bd7994054
kind-2504--extra-number,2504,raw_reply,39,39,4502,,1,1,0,[],3a422794dac3a83cf4c4b903b355367cd739bf40f3ab6fdc62f7384c115dd846,b3ff5ecf3109436e2cc0a828994f4197020830f22b65a6188bd2439ba171ccfb,a0f9ade949b6dd7bb6b4c97a1bf24a4bd92e262965210d8f9e99cc5b9f5bbe96
kind-2604--no-arguments,2604,timeout,0,0,,WouldBlock,1,1,0,[],542482dd5eca7b05e3ca4a8c959838de4c4cfc471a92108ddbb06becd8497ec7,908b6d335ef68deb2e50ae615164a05160ef4c9e4e881765fe5f51f5c1825233,f615dde7f0b8657e1b323812350551b68bdfbfd234a43509e491884e5ce607b3
kind-2604--string-context,2604,raw_reply,20,20,0100,,1,1,0,[],a7b29569a1a4b5d29dfcdac02f65e6f09bb7f68ee2863d95b98122f7b1016836,7be8805ecc1c6c3a54a12101e231e80aa7bcbb480835a02beb953db109067580,1992c545818efc6fa000291b6275ffd8335eb5e1390acb7d9ba076b0ac8d72fa
kind-2604--blob-context,2604,raw_reply,20,20,0100,,1,1,0,[],3f11f13a89b0f5050ab3ea373944d20cba958cdbc028d88444db6ac103957ecc,172018780b02e42b58d0f67e8aef04715cc26fad0b8ee18467912243fe036b8b,2cce459ae58dcfb80e90e7d22a84c8158f42c25d312c5585363d09596be6f89c
kind-2604--extra-number,2604,raw_reply,26,26,4003,,1,1,0,[],0742471c4ad1bf407c3be7e776970697216a3683f12fa7f64a7b2b26003330d9,0b9d744a87680327ebbb626bdfdbfa71afb6d6954e17e9c804b814de1e68e08d,268c86fa09d8780d07b3654fe41873f11b17aaeb4908a8410e29dd20875c4f63
kind-2604--extra-string,2604,raw_reply,26,26,4003,,1,1,0,[],e018fca1773a21abeb65354d621179603d95aa3c4f95e69ae373b97d556d419c,8e428d53b24987208c7a6e138fe9edd0fbf2689ead3c57c50134e96ddd23cf3a,1d6c3d20fb6781d61a4d165ac438a0e516e07b26464107874f827c0331e5dd98
kind-2604--thirty-two-tag-slots,2604,raw_reply,20,20,0100,,1,1,0,[],f2a8a78670d09057f5690061083e6e8322bb444327de14a00360b17af3a469a0,46ec2c40e78b1c2a86fd0cda7a11ba095df995c4411c3d326af6105959066351,3f3eb306fda8bc4f622c1add7304d2a56d5f06e0ad01d4be70fc5ffee802baa6
kind-2704--no-arguments,2704,timeout,0,0,,WouldBlock,1,1,0,[],1101b3f5c3037ace680437c7328f7bb2acec4dc5166c204add67168edcbde63c,be396cab3b99b04cb77632d9383b5ddf1ad99e3687cbd7491d13f86b5ac078c0,26df47cecc64c91ea97f6917ee3d4a393638c688dc9fea1f8f8384e00a977328
kind-2704--string-context,2704,raw_reply,20,20,0100,,1,1,0,[],62aa74a8187a3387ea1b062af5d99e0b949db16a3affbfd7ec300d26ec42aaf5,5fee13e7b9e58b086f984fa5f4cfa3e0f1c2c5272697c1615bacea475a4f4ed1,4cd3d1ce12231ec23003468cbd9658a740f609d2a8c8ed577203d1ac02a50ca0
kind-2704--blob-context,2704,raw_reply,20,20,0100,,1,1,0,[],501cd6bb9b48e6b01c4fd6d45cd2503a936e986d8ee324502ce09d349d2964a9,1b6bc81209474cfd11b65df44ae097ae73f49d3a5632e1e443b9d2fc099daa4d,f5c95097618296383f809000bfd0c583d3dcb38e3c6a4b5b6eefde55fcacb807
kind-2704--extra-number,2704,raw_reply,26,26,4003,,1,1,0,[],bc59e0cc741482b6d4305b45886ec78d81cf56be1e1372a0b6d1b055c56e7ed6,dc5b495178bf8b9c075e859b9c2c8475aa06c229195cbdda42af9b446dc1a995,aaf7baa13d52befd38333b5d5d7b1dab50c7e93adbc5fd8ddffbb6b7331d3bf9
kind-2704--extra-string,2704,raw_reply,26,26,4003,,1,1,0,[],9f578c1e2e0df19501638e0d4e5eed3638837cba4eac18dded4af4e074f5e65d,120eaf0e899710a8ff119c8db9ae973ff597676fa89aa0fc390b7dd4ec8ca979,a5d3657ab683b28bce34034ec1f0c8ae9e0529c4b00e9881aea4597ea4d41de1
kind-2704--thirty-two-tag-slots,2704,raw_reply,20,20,0100,,1,1,0,[],b2f856fa9aa25adb0a9d1bc74131989a489c16e1284b9bfdcb2df92ad5fc8cf3,22324dd76708cae23a32007f5d0cc82729f6eebfa8353e9c7ccb07599ac008ef,32fff8b80909e1d2bc33a33af37694b1da85225272708289a1a61ae85f79d22f
kind-2804--no-arguments,2804,timeout,0,0,,WouldBlock,1,1,0,[],bfef1903584eba0a5d53e828ed092319eaec5bfafdf551cd9b0795496575cced,d0ccdecf887db331c69421024387f6bc13d930b0e2ce1e77fe9253470d89d8bb,e5c05723c19141cc117f505fd1311d15e1c2e7976d31c8302668d191957ac24d
kind-2804--context-only,2804,raw_reply,32,32,4000,,1,1,0,[],82aa7c10e968b5ce38bf867a2ced63a3f5d653d3fabbfd15e2efc8ca83593e65,6a9563e80764977d9ecb487817efbb4964a99e4eaf795be6203de11f69c99610,1acbcdd49d84e555c2a0975e274edd85fe7941753e887199f4cb7d6d54507c0d
kind-2804--string-context,2804,raw_reply,20,20,0100,,1,1,0,[],6416637bf04f4968628a98f7baac4de4dc419986c7428231a09ef89093a1061e,d28ec81eae4fa89a317d9b7fa94ec00bc1d4ed6874a9825509836423d500b23e,a697c96ca357a8236d953181553fab87e6fcfd7be0fc14eaf3e4e68e41863f21
kind-2804--blob-context,2804,raw_reply,20,20,0100,,1,1,0,[],2a40925c3ca3dcb22c9f4d1f1966da4f0ac6427cf45d6d19ea29bd503a1c01c1,0615fa1776bfa8a7fe3604ea0c7b0c6e2d4aeb25dce2e78143c5352d25bdda4e,ae5a2e5b2fcb12fb9bbe00c77c58d3706304dc429734a658ebcfa31f69b52a87
kind-2804--string-identifier,2804,raw_reply,32,32,4000,,1,1,0,[],d97d6e9ba4fd92036207c794e3fcb2e4d48583d6837a104be9c3fc346aaabf79,9913d7c367c3a62e978ffb014603db76b55874ac2c2b71c58283e72cc32b1c1b,eb877d2081fe97e851d79fbfad977c6fbf14e7722a3e4fc7e199e3b6e8259e1d
kind-2804--extra-number,2804,raw_reply,32,32,4000,,1,1,0,[],c47e01ff9e2ecfb83755522c75890f96fad3509ea4676bfe6df23cb7bb56f139,460c65ebc4c3cbdd878c35d0e47a79d7efab061d35aa4ed6466336a5d9127d8a,4a5fb297cb3d2ecb7d192e0779e1039db942eeab2f5ad2b423930ef87f61b696
kind-2904--no-arguments,2904,timeout,0,0,,WouldBlock,1,1,0,[],203c41147aefad12079f140d8ee5ed81e244b8e9206235992d0fc6308f049adc,9b4ae32cfc1aac20a3e7de8f1a068cd0eba192c499a7703fdc9d93802b296a05,f1acaf7db3098a022c959d4f4a0e5c5504c8756b7fe2b54ce6ce4f326c668ac7
kind-2904--context-only,2904,raw_reply,39,39,4a02,,1,1,0,[],c17c4145863731c37ee17944db57e64145204dba68331adfd9f9dd49e3462a40,7a9d373189bc24a99e7f33b6317645f15d8ab8eba52d1290f7a6560486d9def4,c2839a620d779514837827786204caf06a7ec82ef85e6bb7487c0f09e8914d3f
kind-2904--string-context,2904,raw_reply,20,20,0100,,1,1,0,[],6be2ee819d015d2b4ed944e15484170e19ae82c9882c481b162a7986f279b93d,357839cf1eb2c4a8704f554c7ba585eabba55bd478c7de0099113a197cf170c4,9313c63cba3868ccdd94c864c883213abb2a347dadb5d286b9f250d4d9accd03
kind-2904--blob-context,2904,raw_reply,20,20,0100,,1,1,0,[],2f9e3b23769f08599cfa21541a577c7c1db4089bcd274d888b4b79fdb7bf88d3,ace63e3a8f87a7021c638f45332c31c409e6b158d258c4dbd6cdb27e6b47cd04,4cf2eccf5f377f995fe805cc824ec7626784ef77cce6fd54bff1a8230f6245e5
kind-2904--string-identifier,2904,raw_reply,39,39,4a02,,1,1,0,[],392b06e404d3b2be97d2cae9377a9d53a80b2b3679398e3988bc40943fa66713,890685f2070fdde7235d500d2d347a5b2adfd4c667a3a88c6b23cc5ed6816bfa,b0c6ee4aba11e98216206e5e81295dd6b2d5acb46a84a14d50255dc6c0774f7e
kind-2904--extra-number,2904,raw_reply,39,39,4a02,,1,1,0,[],e3891f8b66f147815e456cf4deb43295289641007f380f922d35ff22272b254f,f1751bd97ad54cae020b9bf98b180404e85308eac8c28a1fd40321f73e6654d8,fe5f4d8353c24d6c1e07f55ce028a580858ee48583337d16f7adf307d7df4cf2
kind-2a04--no-arguments,2a04,timeout,0,0,,WouldBlock,1,1,0,[],0420c7c3618816c988044a367fa2919ce7934794223ad5450a443fad8a55c86b,0c78e609d00f892cc84702d44b36b4ff73998ea560d4999f233a92b51f2450a5,8310440852b95697a17fd5e87299b5efb6862effaee7baddbf33b734ba0b7722
kind-2a04--context-only,2a04,raw_reply,39,39,4c02,,1,1,0,[],693a30de0892dbb18d4e4b0a50906318e0938cfb4a347d43a9aa42231213a792,186a0ee2f41b9b69029d3013ea2e4c55faf640b8dc07ddfb893b21cad954a59d,a7189f06924d61ffa31d41e9c7e0b5b1cdc73aa4a7bd5be963e7fa9882ac53fc
kind-2a04--string-context,2a04,raw_reply,20,20,0100,,1,1,0,[],b508551299bd14edfdaae494938c2b114e06fd13308c0a9ffb49a5075128fa1e,b53bbe07e1f7c984819c299055fa0d15a3ea540605f9208c5c22508321213a4c,d795c2ae6bbc9f37fa3afde17da4219f618310ebfa67efae6ccfc7960d386dd0
kind-2a04--blob-context,2a04,raw_reply,20,20,0100,,1,1,0,[],2ba586272dd2ee03d9f4625f3192efd04c6068bd9feac8e61f9d4a7c38469a22,d51c507dc6b64e8bfec63e2f87d8a206e0663fe8d0ede464926c19b6e5a4d2ef,31de98a5baf7c19d7695b5fda89a845b9ff4a96550f4be4adb6feb4357c189be
kind-2a04--string-identifier,2a04,raw_reply,39,39,4c02,,1,1,0,[],aaf5618c00090220b95046077c38e1f70bae6eea3a6de1bc85ddb521cbc9941c,149111009dc894b395b2b40aaef6effd67912d1c3a2ef7bb9e7946bfad0437e4,45c835700c6c2ab3a7be18addc2b5590c6eceb4ace95477a49d83fde6cef1812
kind-2a04--extra-number,2a04,raw_reply,39,39,4c02,,1,1,0,[],cb35d54729eb032f886dbe6cb892f06b20b6e2120503ccbeebb7d3499b5dc945,c64bb5b1c8df356754a90b319656f31b9fd1ace2e72667c0cd6096bc3a4d98dd,4d4a5245fbbded3c5be38af986c6d440ae6b84741335ccd333349ddf7ea87731
kind-2b04--no-arguments,2b04,timeout,0,0,,WouldBlock,1,1,0,[],00f061f594929fcb13966837e53fc92294721b07e6402f267f49133cf5a6963c,147ac89afe864868cbcf67c10df868b88e644a634f59d5994a9e36ce737b5894,2644a990388a8548e08ee5697816af01e851a2c79971bc6dbb6bce0369bff57d
kind-2b04--context-only,2b04,raw_reply,45,45,4e02,,1,1,0,[],103e71eb09c72bdc9b53f8cbfaf0aefc4abeca764238e3a18d259fc57dfa2654,4e9396094e7fff601e79d510e64438117203cadbc27785a357e013038d54178b,d4590420c2bcd9db43f642e0b37bd657c5361b424846a74ed7d40342b76d935c
kind-2b04--string-context,2b04,raw_reply,20,20,0100,,1,1,0,[],dcab186b98133882a0367ac6ddf79d43a41367d642ba8f58a6089c9d4b3a7279,3c21c6ab14d15eecc49f28c9624870438720a55835dedbed811d20e8a735b779,52c0bab2e07f12824cedf12882fe67726273a7069dbe148bb817d04451879079
kind-2b04--blob-context,2b04,raw_reply,20,20,0100,,1,1,0,[],b4b4c204af49f7cdcd868dd08506cf4d7be75ea19da4933467dc4aaaadb03cfe,1279e2f74e213606fd212cebf607f2275c5aebaed3a0881752c2888c1bf88d03,f218cdaaba12ecf1ddbea6dd93c2cfb82192824bbe3a23043b5c4aa91c1876d2
kind-2b04--string-identifier,2b04,raw_reply,45,45,4e02,,1,1,0,[],b0281ca31f05ec3b8b322b93dae4c69b9e7e379ab08cda4919c3d98acb9b3bf6,79fc71526c5607e9ac919e0f85f951d126da493d0c5e31a26c81a7964a3239d9,0aa7c162ab462112f983cf8ab5dcfb3db52c38ee17adf22f7040e6e9103e2aa0
kind-2b04--extra-number,2b04,raw_reply,45,45,4e02,,1,1,0,[],f6dc8e149a24b8d731eebb4414b5f794554ff7ea12c9a897cabc32997adf00e2,768af7505beb1210841cd9f00aa08c03a4510752752dda62f8581f1be986b5ae,59b90e5791bb90f14718304b2de01fb35347775cb7f81b51672ba41b09db647a
kind-2c04--no-arguments,2c04,timeout,0,0,,WouldBlock,1,1,0,[],4b08c1a3e4c842aa455e0fc16229204716bb458f18357134d627e8200c6c24a1,9cc51ad02264c6e81506b894db246a6dfb7b3901bd569e7ddb8d194e433078c9,08d68c46021500bc91de1de694995023e3c0de6a7995681d28123c463edcc803
kind-2c04--context-only,2c04,raw_reply,45,45,4f02,,1,1,0,[],8ad66023cefdfb358671b9e034533d970d0bfc7b65d5e31053b3b5e54a202350,278ea5fa21abe993b40a20c017d3735fb1b49a2d0b98fa2b3519aa347f085ca1,53e3c240ad54f95db84b4da991fed952b53f0dec9ee61d20151242b1c37b9a26
kind-2c04--string-context,2c04,raw_reply,20,20,0100,,1,1,0,[],c84046cc4c12b9671bf6eea706ca82286f88f1900f4018a26b6aa24e34a0c143,ca3615ab82289833c3783c1e7e9a3c3979557fb036689860454661a6fae1608c,1710236c882cebba6d7f78196d5c7bbc11d249e30d2ce621a65505bb90e815a4
kind-2c04--blob-context,2c04,raw_reply,20,20,0100,,1,1,0,[],a1da2bfc6eb26c656ca0e7172bce0eb5bba0f18346dd9b03074c785ba099043a,85f8298bc874230034e8637ff4cab2ed038eb391cc6b09a54b45fc9209a0264a,0f73dcb57ad0e0fa92a5ef4ad6ebd981dfcf274ac3a12119930fbd78474e8127
kind-2c04--string-identifier,2c04,raw_reply,45,45,4f02,,1,1,0,[],06aa238f83cc38a33369a06f67995a2fe1602d6648ab46b932a6fa8b713d5fbb,7a21560735ab867d526c52c2f7d773849f59960b5b32488a9bc6673f3f248346,77316697f619bd54b52d139122f4daf808d4fd25820b715789e4d7ecbde4983c
kind-2c04--extra-number,2c04,raw_reply,45,45,4f02,,1,1,0,[],c617ca4afa49db42e6ad5007b9760fb74fd1822d9fd47dc4961f47fb4de2d952,5c90c9bec292692f08da5401429117dc8ec4e7772b1138491f0dbfa8d19a1cbd,1e32e3cbe19833a427309ed041c0ad9cf1d779abde82ae5a704dde8f67ce1439
kind-2d04--no-arguments,2d04,timeout,0,0,,WouldBlock,1,1,0,[],1829839d65dfec0f3cf7a84f146e406fd702e8a5d31146bf03e9cff108a558f1,f6000dc7ae22a11c728aa0271cbd90acdab11340cc5166b1365a19139eec3c88,20e2152966aaffb0cc4a2b4f15e47d871b9919a279624442791f5c60265a205e
kind-2d04--context-only,2d04,raw_reply,45,45,4f02,,1,1,0,[],98c52b56dde4545acac4b3a5abf1a1a4fca4f1a8feb9d23cb646218fcca3b125,b819d8be0fd0fa458d87383adb56522c4a7fdae123d09ba6cc1f958569ab10e2,9862e9d145f44b4c46bf8c46ec545cfac751b5dc9e830c7727d9e90b33297e84
kind-2d04--string-context,2d04,raw_reply,20,20,0100,,1,1,0,[],78ab4d6f757996b7319398fea841da84f23d310919466c8384b6d284f1abe654,2eb7fe26da41598e59a2299c09d6108abdc3a658550aa5c7a69847e96d764836,6e3d65d7bc6ca3bb6230ea65d3f217b170fcb71e6d3264ea6ce05851cf645a57
kind-2d04--blob-context,2d04,raw_reply,20,20,0100,,1,1,0,[],b9a2ca2c0efb4e612e156458a6dcd5d1c5edb4715c9f692b5bae1c244f703a3e,cc84353c263378876cae01e2d4ac35746df7246819b8f3a7922e4aa6ee6750f1,74a26b1e51e6dd80158fc9418a1dd694db6ef3351f5858d5573a1c5edd04bb60
kind-2d04--string-identifier,2d04,raw_reply,45,45,4f02,,1,1,0,[],a96f98ece7428a6c0d177d01d622b12ba754305eb4e7d544be650c99d543ea46,caa93e5fbe7e8d05c885cb18e4a7ae75c759e8569d2c5b24492f99036d877ca0,ecf23ed72cd6ac842f29946146e22a587a8de55ed01eb64cc14e2975f845b499
kind-2d04--extra-number,2d04,raw_reply,45,45,4f02,,1,1,0,[],e6e4b5025a4d3d0be0ae816d98fdc399a659eafc37ac4e8dc7dfd1336c8d6a6e,464e6d183f96a8db3d7d4e76679ae8cd3cc4d50f92bdfb94665a4cce0d530eba,b6ced75b9807ac4f5b1b2007376724efd84309b501207f9f9527804fbedf9ed2
