variant,observation,replacement_setup_messages,no_send_outcome,no_send_messages,observation_probe_total,health_probe_total,observation_sha256
delivery-blob-content--0000ms,1,"[{""arguments"":[{""type"":""number"",""value"":17},{""type"":""number"",""value"":20}],""kind"":0}]",raw_reply,"[{""arguments"":[{""type"":""number"",""value"":9730},{""type"":""number"",""value"":0}],""kind"":16384}]",13,13,c6d2727c55ffcc5dcce4ebbe1af33ac8b490da96e511246410114b4793ded673
delivery-blob-content--0000ms,2,"[{""arguments"":[{""type"":""number"",""value"":17},{""type"":""number"",""value"":20}],""kind"":0}]",raw_reply,"[{""arguments"":[{""type"":""number"",""value"":9730},{""type"":""number"",""value"":0}],""kind"":16384}]",13,13,c0263f4c1fc0c48f2dc9cd5ba4fc347487e0c29708a5038358077f349b75f51b
delivery-blob-content--0000ms,3,"[{""arguments"":[{""type"":""number"",""value"":17},{""type"":""number"",""value"":20}],""kind"":0}]",raw_reply,"[{""arguments"":[{""type"":""number"",""value"":9730},{""type"":""number"",""value"":0}],""kind"":16384}]",13,13,c587ff7f9247387d0631c90f97b6309508760ac7b8188409f6f433ab0d3b8faf
delivery-blob-content--0000ms,4,"[{""arguments"":[{""type"":""number"",""value"":17},{""type"":""number"",""value"":20}],""kind"":0}]",raw_reply,"[{""arguments"":[{""type"":""number"",""value"":9730},{""type"":""number"",""value"":0}],""kind"":16384}]",13,13,2c6dd95a4ffbb95ae920ca231818a30a99d7f4b57b7035e9dd43ee1efe460de0
delivery-blob-content--0050ms,1,"[{""arguments"":[{""type"":""number"",""value"":17},{""type"":""number"",""value"":20}],""kind"":0}]",timeout,[],13,13,84397cd410859bca30131fae5d5a087520ab63179188631e5a738f9b4cbe84d1
delivery-blob-content--0050ms,2,"[{""arguments"":[{""type"":""number"",""value"":17},{""type"":""number"",""value"":20}],""kind"":0}]",timeout,[],13,13,8cca915ce4dd816cdad345499bb3b15eda4e404582ae85ee047390a2598557b5
delivery-blob-content--0050ms,3,"[{""arguments"":[{""type"":""number"",""value"":17},{""type"":""number"",""value"":20}],""kind"":0}]",timeout,[],13,13,6f4edb3520ab144d015d3ba444c62ccaaa1b8b785dca8f977442381e8bceaa40
delivery-blob-content--0050ms,4,"[{""arguments"":[{""type"":""number"",""value"":17},{""type"":""number"",""value"":20}],""kind"":0}]",timeout,[],13,13,78ebb1aac0d5c658c889f246b88c72c7a8ad5f711ee96adae90a7b0d47c32059
delivery-blob-content--0100ms,1,"[{""arguments"":[{""type"":""number"",""value"":17},{""type"":""number"",""value"":20}],""kind"":0}]",timeout,[],13,13,e3bae4665643da5db9453c46ac5360d757e260745135285bbf92d771edfbed78
delivery-blob-content--0100ms,2,"[{""arguments"":[{""type"":""number"",""value"":17},{""type"":""number"",""value"":20}],""kind"":0}]",timeout,[],13,13,b373e13ef90306e1370287f93969710704913d02f007dddeda86fcc8a93841a3
delivery-blob-content--0100ms,3,"[{""arguments"":[{""type"":""number"",""value"":17},{""type"":""number"",""value"":20}],""kind"":0}]",timeout,[],13,13,c01dd0b782ad4232e5a75d551e8a6dc82210d09f99088bfc97f082c2df7eccb4
delivery-blob-content--0100ms,4,"[{""arguments"":[{""type"":""number"",""value"":17},{""type"":""number"",""value"":20}],""kind"":0}]",timeout,[],13,13,40cc5f9eee2de11ff35294246c17b073430b65bd9cb8df5d591e750bde3ab237
delivery-extra-argument-control--0000ms,1,"[{""arguments"":[{""type"":""number"",""value"":17},{""type"":""number"",""value"":20}],""kind"":0}]",timeout,[],13,13,9ff1e38519e6302a0a9d534e53640e2f1c5f819ac17d3c47404b6a60ce35217a
delivery-extra-argument-control--0000ms,2,"[{""arguments"":[{""type"":""number"",""value"":17},{""type"":""number"",""value"":20}],""kind"":0}]",timeout,[],13,13,eb1ff6e8339083bd5a9b1146e080d3d10ae0ad90ae6f4a91d55683b1a357cac9
delivery-extra-argument-control--0000ms,3,"[{""arguments"":[{""type"":""number"",""value"":17},{""type"":""number"",""value"":20}],""kind"":0}]",timeout,[],13,13,78b114710862fdc51c7b810f8d90b75b015027caa45a47392775f9a1618021e0
delivery-extra-argument-control--0000ms,4,"[{""arguments"":[{""type"":""number"",""value"":17},{""type"":""number"",""value"":20}],""kind"":0}]",timeout,[],13,13,9ebb03d60e4e5f2bc0dbcbe0af25d795df2bddbc8d57a5673e2c9fb250e02525
delivery-extra-argument-control--0050ms,1,"[{""arguments"":[{""type"":""number"",""value"":17},{""type"":""number"",""value"":20}],""kind"":0}]",timeout,[],13,13,2f224104b87a9a5a31a6ee8b956a3a266fa3d61df519ccdf44790ffb926514e1
delivery-extra-argument-control--0050ms,2,"[{""arguments"":[{""type"":""number"",""value"":17},{""type"":""number"",""value"":20}],""kind"":0}]",timeout,[],13,13,8278405fc35003eb77cd149829af982e1c3f1b7e0b38dd508864ad34a4f8b88c
delivery-extra-argument-control--0050ms,3,"[{""arguments"":[{""type"":""number"",""value"":17},{""type"":""number"",""value"":20}],""kind"":0}]",timeout,[],13,13,eaba095bf61e3a8ffd302f803e3d4ab49db264f46df88d1d0798da440d334f13
delivery-extra-argument-control--0050ms,4,"[{""arguments"":[{""type"":""number"",""value"":17},{""type"":""number"",""value"":20}],""kind"":0}]",timeout,[],13,13,41c48a6a617aa8c95f1e3ed69e5acdc7d67eee3a907f61e3f6b1fa95946ab0a5
delivery-extra-argument-control--0100ms,1,"[{""arguments"":[{""type"":""number"",""value"":17},{""type"":""number"",""value"":20}],""kind"":0}]",timeout,[],13,13,885f4c566bcde4867db0ed2861fceec57487c4ed701c5daddef9bdf44d33cdbd
delivery-extra-argument-control--0100ms,2,"[{""arguments"":[{""type"":""number"",""value"":17},{""type"":""number"",""value"":20}],""kind"":0}]",timeout,[],13,13,aa9092b0e7317b6cdf76193fdb9411b0daa5600c235d2bbcd426c5911aad8402
delivery-extra-argument-control--0100ms,3,"[{""arguments"":[{""type"":""number"",""value"":17},{""type"":""number"",""value"":20}],""kind"":0}]",timeout,[],13,13,91b0f2a5b62ab5754afb47902c4af7c018ccc7c58bb3c3e25f4aa3fd6ce7c238
delivery-extra-argument-control--0100ms,4,"[{""arguments"":[{""type"":""number"",""value"":17},{""type"":""number"",""value"":20}],""kind"":0}]",timeout,[],13,13,052e2fd510a0f430cafdae537ec797fd531ca7794602f4e6e139d0a8fcaa5694
