pair,first,second,first_outcome,first_total,second_outcome,second_total,probe_outcome,probe_total,first_drain_outcome,second_drain_outcome,probe_drain_outcome,drain_raw_reply_count,drain_raw_hex,process_count,responding_count,application_event_count,golden_sha256,receipt_sha256
play-no-arguments__then__play-no-arguments,play-no-arguments,play-no-arguments,timeout,,timeout,,menu,13,timeout,timeout,timeout,0,,1,1,0,2a5aef3f2aa4120018e2e41b2f7deda47eaf7d4d70f1d7fba80569ed7a48de2f,d6039c8c74884d34e71b79a6deabd2d805defe34977a14e69e09684bdfba0542
play-no-arguments__then__play-missing-content,play-no-arguments,play-missing-content,timeout,,menu,0,menu,13,timeout,timeout,timeout,0,,1,1,0,f09aa8b80dfbd855d11511eb2b1ed7ef6aa9534353b35a01780698906f861521,6e0dea97983f13df817843674d500fbd184bf584d8ecc3e2c2b4d9fc9d86ab75
play-no-arguments__then__play-extra-argument,play-no-arguments,play-extra-argument,timeout,,menu,7,menu,13,timeout,timeout,timeout,0,,1,1,0,bab90f9f588727de5fd4d14bcb9f8a66743010dbc9f405c6032129e70459d03a,994157223e34ae7afd496682226962adbbbeb03c2f66ab5e39451d74de34dd32
play-no-arguments__then__play-string-context,play-no-arguments,play-string-context,timeout,,menu,,menu,13,timeout,timeout,timeout,0,,1,1,0,500dd12cd7dbc396976b9290628d1293b3b67ed49d4d8a28abe26f084fd7c411,39d270cbd0c487f84d8fe31e228a927b03a51721133ae47df3ad4d2379b01ae7
play-no-arguments__then__play-blob-context,play-no-arguments,play-blob-context,timeout,,menu,,menu,13,timeout,timeout,timeout,0,,1,1,0,98c6e74c84538e0c63d57f36d4af58f9e58560afc296f580ee3cdcd03bd12887,96b0f143d8e9228c1e108e0f0177458751f57687d4b076df3318bab67a2c6306
play-no-arguments__then__play-string-content,play-no-arguments,play-string-content,timeout,,menu,0,menu,13,timeout,timeout,timeout,0,,1,1,0,9e9534f210d4ffaa7e0324f4ae17ccf48dce3d54a3fe82825109f7124370bd3b,9a9fab4d87db31225a9a56d977f2d343211947163c0b7a42a00b402b506847e6
play-no-arguments__then__play-blob-content,play-no-arguments,play-blob-content,timeout,,menu,,menu,13,timeout,timeout,timeout,0,,1,1,0,31b7cf44000816e61708daafc0dafedd190e54575b019c65ac5855c320aa2dec,529591ba54cc2152508e45769a561883a86b3ddbf926ec07f4a52b39babb50fd
play-no-arguments__then__play-zero-context,play-no-arguments,play-zero-context,timeout,,timeout,,menu,13,timeout,timeout,timeout,0,,1,1,0,1dc24398726ff62343be6c6d891f9e0f764275934519f5ef49f1e6b4e8670db4,564c09b643f3a4496647457560421e7b89218f65af9b3eb53cc468de76fbf95d
play-no-arguments__then__play-alternate-location,play-no-arguments,play-alternate-location,timeout,,menu,7,menu,13,timeout,timeout,timeout,0,,1,1,0,9c9cf292c012d6d6ddda8aaf1827201d95a9c923bad9adc8eb159749965c7ff7,37eb86fe4dd3b1276d0fcdc3ef426d8822f79df037808fcd1ef6819abbb26225
play-no-arguments__then__delivery-no-arguments,play-no-arguments,delivery-no-arguments,timeout,,timeout,,menu,13,timeout,timeout,timeout,0,,1,1,0,89091dd1c276c8e322a9de3204ce47bd8efadef139d0714a3aa47d24c80a79fc,42a18264187361e4399ae38513bca7084dec91fbb977069ef452362bc8c5d075
play-no-arguments__then__delivery-missing-content,play-no-arguments,delivery-missing-content,timeout,,menu,0,menu,13,timeout,timeout,timeout,0,,1,1,0,28a4aa1b0d08212a9e876d5cbeed0d1ce2ed7d8c8eff2886337ab60bb273a556,d09e114b9a9bc7e245855e66dbfaa040062a1a24a1c079839beb47f05c702119
play-no-arguments__then__delivery-extra-argument,play-no-arguments,delivery-extra-argument,timeout,,menu,13,menu,13,timeout,timeout,timeout,0,,1,1,0,0ee07c753f83708c61b078a2b5bd4c0531662a2b2136bd05ce9a83dc61f72e1a,b7f70b35050d3f237a2c33a4e5439ef900108e8f7e4a1ce2ce5d4de93eb5fe6f
play-no-arguments__then__delivery-string-context,play-no-arguments,delivery-string-context,timeout,,menu,,menu,13,timeout,timeout,timeout,0,,1,1,0,c87a62751a4499647d5b3268018e00b2441416c4591abb65278ad71203c69310,1fd8da212bf57a6f6c2529a4165764434abe0a02470f20892eae9db33533c8d3
play-no-arguments__then__delivery-blob-context,play-no-arguments,delivery-blob-context,timeout,,menu,,menu,13,timeout,timeout,timeout,0,,1,1,0,a28f605a30c09592c091ae936393218856fdb367dfdb5098a6287e2f2aecf77b,25dd63105f0f86782aac830e444bd3645d90549628382453446e04369811c776
play-no-arguments__then__delivery-string-content,play-no-arguments,delivery-string-content,timeout,,menu,0,menu,13,timeout,timeout,timeout,0,,1,1,0,9038b352702de5dc5eb8233bb04b04dcb24a77be33c8db8066ed71639d3d4f8e,6a31d6cf6ae9931120a28d4591e7c63f433d2ad16ee1d762560d4852caa1913a
play-no-arguments__then__delivery-blob-content,play-no-arguments,delivery-blob-content,timeout,,menu,,menu,13,timeout,timeout,timeout,0,,1,1,0,14e8553bc450977fde13789de2108b1e0abbded29386435e36e56e7c90fa63b7,3a8dba48875338a11f65c28d164e9e734e8dc03c93fc3e504a0e89fabbd719de
play-missing-content__then__play-no-arguments,play-missing-content,play-no-arguments,menu,0,timeout,,menu,13,timeout,timeout,timeout,0,,1,1,0,505920a8ca3a69246e6ebff340666b95288631bd737d4aa24d4d61d41abb922b,d3eda71d9b7d5cd663dc3e32f2b403235139c744f38136f60d17b9faed1cdfdd
play-missing-content__then__play-missing-content,play-missing-content,play-missing-content,menu,0,menu,0,menu,13,timeout,timeout,timeout,0,,1,1,0,4f2a854f4138166db1457b718cfbe11bebfbb7897d2ecadf8907eee51819ba04,128dead4c04bb67e771f5df6e7121a71a8e19ff75eab4f51ce11f3adfb5ba209
play-missing-content__then__play-extra-argument,play-missing-content,play-extra-argument,menu,0,menu,7,menu,13,timeout,timeout,timeout,0,,1,1,0,a24bfc9cb0273925474f3fc40e4a94a75b13d5864c83cf0b59d600483c1e1e62,65203cdcbfca08f20cb4819723b29936a681cfa57c364b27cc1d32886a009dfa
play-missing-content__then__play-string-context,play-missing-content,play-string-context,menu,0,menu,,menu,13,timeout,timeout,timeout,0,,1,1,0,a1febc1b4bfc83a46fe11587621886b6fb0e6b921810a939bf16821452fd7b47,cbae9e86b5efc66e1d4c9185e8b9ae77d3a07c8676c3baa0a1c03613c12aa0b9
play-missing-content__then__play-blob-context,play-missing-content,play-blob-context,menu,0,menu,,menu,13,timeout,timeout,timeout,0,,1,1,0,b1db164a3db3d9ef55ff2681c50a320b92a6979e030586038c64782ff93b661c,14df5fcafe6a6c48c73d11b2fe5d29b5c9a2d30e26f74bb1557061e278ebf01c
play-missing-content__then__play-string-content,play-missing-content,play-string-content,menu,0,menu,0,menu,13,timeout,timeout,timeout,0,,1,1,0,8d9ef7a6a407ee45c8384adad98b1e2718ba81fbd6d5fa34b44d1d248da15db9,0919fcd297fc0eb12e605c36a009a268e32489ae1b27141021814c6a80e9567e
play-missing-content__then__play-blob-content,play-missing-content,play-blob-content,menu,0,menu,,menu,13,timeout,timeout,raw_reply,1,11872349ae11000000011040000f021400000002060611000021021100000000,1,1,0,a9a87a709714ac1dc1bd3d65e2e7a4f0203b0767fb944a7fbe5fe3d351da4a09,e1a69683ca04547c08c01043a589baf8ba003e71777c829c3bf783a307e89709
play-missing-content__then__play-zero-context,play-missing-content,play-zero-context,menu,0,timeout,,menu,13,timeout,timeout,timeout,0,,1,1,0,f91613a64edb69b205efeef710f791b9b3074493bb955f984619b6fad7762a56,969c1a8a29b80e4a34aafd8cd428a3f69d4fb1151c22db0be6b5e8d1dc45636c
play-missing-content__then__play-alternate-location,play-missing-content,play-alternate-location,menu,0,menu,7,menu,13,timeout,timeout,timeout,0,,1,1,0,f57650b32b4f4b342b980a5d7f64aceee44b1da14d8fff4526ad4465802da3d5,a5c4bf9dfac2cd21a12623bd1814c5df318faadeb898e9f704ebdacd3eea2122
play-missing-content__then__delivery-no-arguments,play-missing-content,delivery-no-arguments,menu,0,timeout,,menu,13,timeout,timeout,timeout,0,,1,1,0,44106a44b891df898972b0cca9c95b4e33803e614c609e55d12936573cfd6b51,0a9a1e22553a804d2e415298998319b70742668c3d1d5e80b5a1a164d32873d9
play-missing-content__then__delivery-missing-content,play-missing-content,delivery-missing-content,menu,0,menu,0,menu,13,timeout,timeout,timeout,0,,1,1,0,1f47e5f6acb32e77c7bb406a4a864bdf6f8bba53be7b6e90f612a6bef50cbfd9,cae9074078bfcac4538765ab9b6df0c99f78183bbbea54348176ccc7e3b49324
play-missing-content__then__delivery-extra-argument,play-missing-content,delivery-extra-argument,menu,0,menu,13,menu,13,timeout,timeout,timeout,0,,1,1,0,ef6b922c66ca632a94bf34546f34c8c54cdb3efee407ef9a34e00634d7077149,fbcd1e4f407c1088072d33232e29993fae5b5def488128d95c884526bb08f6f0
play-missing-content__then__delivery-string-context,play-missing-content,delivery-string-context,menu,0,menu,,menu,13,timeout,timeout,timeout,0,,1,1,0,31dcca1799777a8b798a46a8322bc87ee37995643255162a5507c2ebdb01b83d,0575c562ffb59da1f7ff97b1c707514fdd62b0fd53e924223e2067133befa202
play-missing-content__then__delivery-blob-context,play-missing-content,delivery-blob-context,menu,0,menu,,menu,13,timeout,timeout,timeout,0,,1,1,0,93910073b2103df75f6248f86ce3d82b1e75851f32a3ff33aa760b92ae0f115f,9fbdfa6bf133c174ea6c876af1bcf41d2488600edf70d694d6ceec8056fca99f
play-missing-content__then__delivery-string-content,play-missing-content,delivery-string-content,menu,0,menu,0,menu,13,timeout,timeout,timeout,0,,1,1,0,3c658c52253cf6c771af3def100df3002e6dbb072da73d114e86746f0cf4dfb7,e19aae85e789e651e85c58178a852415c100a8303c4de9d5325f412711d652bd
play-missing-content__then__delivery-blob-content,play-missing-content,delivery-blob-content,menu,0,menu,,menu,13,timeout,timeout,timeout,0,,1,1,0,17194c59a729b70988862d3e557f866a9e80acd00c3acaf89b492b69626fa4f0,251d6e892b25ba22b1ba2b0ee8c2ae71795f31e3bf99d74286fed674fe6f1f7e
play-extra-argument__then__play-no-arguments,play-extra-argument,play-no-arguments,menu,7,timeout,,menu,13,timeout,timeout,timeout,0,,1,1,0,4cdc9139f57c7308ebd8ad51f0637617b7716a2715541f24b988627930af54d8,dc8237b0afafb5014eee621399c98292b0cfaf30f344aaeb4cafbb9d6d8a7979
play-extra-argument__then__play-missing-content,play-extra-argument,play-missing-content,menu,7,menu,0,menu,13,timeout,timeout,timeout,0,,1,1,0,1b54b0971dce21c7005401ad07109a4745f4d517d11f488d47a64ce21b1b4e5c,4672dc45d3429aa07d6ef298408759a5206695f252aed6e5a10bbb6c2c0a122e
play-extra-argument__then__play-extra-argument,play-extra-argument,play-extra-argument,menu,7,menu,7,menu,13,timeout,timeout,timeout,0,,1,1,0,0fc4af69ecd43737d7d68559de6433be88b1b2a629b0daa5af43ff12bbd90115,69fc6243cdc1a983e2767b489afaf59e29fbda28a5b390793a9f9ac73ffc3d99
play-extra-argument__then__play-string-context,play-extra-argument,play-string-context,menu,7,menu,,menu,13,timeout,timeout,timeout,0,,1,1,0,9b4cf4758b1a9be6726b5e197e0026db67869000281fc7dfefd76c905d22e2ce,896c6755049a80e5529976689e0c42e59fde7b4df2223af5a81467a1f3beee67
play-extra-argument__then__play-blob-context,play-extra-argument,play-blob-context,menu,7,menu,,menu,13,timeout,timeout,timeout,0,,1,1,0,203c5f32fb8e98387417d56fe47c46617b8d154e6f637b4afcff8efe20f4c5ba,722e81ab0583df9720d0cdea706a5b047ac447178d38161c5b450fb0a2c8f7c3
play-extra-argument__then__play-string-content,play-extra-argument,play-string-content,menu,7,menu,0,menu,13,timeout,timeout,timeout,0,,1,1,0,50d7a6b9d94f4e27b2382280560f28fd640fa3b1599df4f25d5bd437050a075e,7e3203f9956dd67c9e241ddd34a6b4f12d74612b66ebf90fbb6536d62f4be3ea
play-extra-argument__then__play-blob-content,play-extra-argument,play-blob-content,menu,7,menu,,menu,13,timeout,timeout,raw_reply,1,11872349ae11000000011040000f021400000002060611000021021100000000,1,1,0,cea4614dfb8d409b0fcc94ac87dd3335aaec592ff17501eded3a6c1f05274c7e,7dc8247cb2df832f912ee11534a8e585df6184822b5963aaa7be93e6cd379e3c
play-extra-argument__then__play-zero-context,play-extra-argument,play-zero-context,menu,7,timeout,,menu,13,timeout,timeout,timeout,0,,1,1,0,c1afa56f6f04aeb044bc11d0b986e9fc6c2595a5396e76e3983c826d82c0efc9,7108553ddd048c4e770abe21a9cc8425a06861818d3ba2bb5d6cbdd89256f2ac
play-extra-argument__then__play-alternate-location,play-extra-argument,play-alternate-location,menu,7,menu,7,menu,13,timeout,timeout,timeout,0,,1,1,0,42ecce03cca84cae76fe5a1e25a1e68804150d5525da80dbd735513ecd47b0da,a0003a48e71a242e42ea33e1019005f37e1184c54e2bf348c6c65dd8841cbe11
play-extra-argument__then__delivery-no-arguments,play-extra-argument,delivery-no-arguments,menu,7,timeout,,menu,13,timeout,timeout,timeout,0,,1,1,0,59b03149b1324bf5fd54e39cb737f509dd5ee9384143c1767413d19b422511f5,19a942f0db363998eaafdd5d3c8745d968aaa784085aca36dd45e58c97146cc6
play-extra-argument__then__delivery-missing-content,play-extra-argument,delivery-missing-content,menu,7,menu,0,menu,13,timeout,timeout,timeout,0,,1,1,0,f0262418e299bfca6881a684e029cb5a7f9ca62f2d9ba80e3f6b5930853e1f5f,1b853bee29af4249c9e5877ba200c876f3b3142456d1193c05a45b25323ae289
play-extra-argument__then__delivery-extra-argument,play-extra-argument,delivery-extra-argument,menu,7,menu,13,menu,13,timeout,timeout,timeout,0,,1,1,0,6d2c34c629c89470a30e5c7c40beae3788fb34b4de5527a29913c13502ac6598,8ea1c8632909c0030268f67c6456d3834556a473ac80c08f1eb417447d094f67
play-extra-argument__then__delivery-string-context,play-extra-argument,delivery-string-context,menu,7,menu,,menu,13,timeout,timeout,timeout,0,,1,1,0,38b0b5c85c53c70b92ed4840d50e65b8fd5bb44b1f605204864beccf0dfb45c6,efdc3855696ec9bf62b29301a5232934732009757688eb1f249d60017ff492fe
play-extra-argument__then__delivery-blob-context,play-extra-argument,delivery-blob-context,menu,7,menu,,menu,13,timeout,timeout,timeout,0,,1,1,0,8b7452e0a176c45d8c292c4b1e5005e26dc31236b275487dae669657fdb64e67,95de80891c1ec61de7c777e07e538a27f392d6753ff7bb5c2ab6dcde6c0d7e3e
play-extra-argument__then__delivery-string-content,play-extra-argument,delivery-string-content,menu,7,menu,0,menu,13,timeout,timeout,timeout,0,,1,1,0,546890d62a53f6f09ef8c24c8461a95ca9db11f1df32326a5d2a2bccc0562903,45ac95b16fee22a602a823d31a2855b941ebbf707c1ac50ed94f463aa307f7c2
play-extra-argument__then__delivery-blob-content,play-extra-argument,delivery-blob-content,menu,7,menu,,menu,13,timeout,timeout,timeout,0,,1,1,0,98c0cb9d4ea1b956967f04f421fc5a1764b81384661df8a54b8fd6e94aff83bf,6173c861d8d8196dece4f11497a6823bffe081d35a0a33a35a58583acaa2af5d
play-string-context__then__play-no-arguments,play-string-context,play-no-arguments,menu,,timeout,,menu,13,timeout,timeout,timeout,0,,1,1,0,cc8c0641035b93a087b0af29ac398738bf997c8e9d6b89bde54995cc3294b5f2,36e41cdb039fcaae2c84005d38dbf7bd8d651c1cd9b20873df9a800abd0a0cd9
play-string-context__then__play-missing-content,play-string-context,play-missing-content,menu,,menu,0,menu,13,timeout,timeout,timeout,0,,1,1,0,6ca6c6fc6cba99e5d7c557e2652b33e3edf1b9b39c2bcf127658533f3bfd9bd5,70f67e2a3890d5d82563a40df694a1e7ae10a68c5d38a02ec5aad1654ebb5ef4
play-string-context__then__play-extra-argument,play-string-context,play-extra-argument,menu,,menu,7,menu,13,timeout,timeout,timeout,0,,1,1,0,dfaa1491dd6c7f8955b29aa94a30a733a65adb694c324ed0ed4e22f5430d8045,8d47d03bc6dc268cc3855341ca390e64aed39e9dd57c24c5e00d5a375ec3189d
play-string-context__then__play-string-context,play-string-context,play-string-context,menu,,menu,,menu,13,timeout,timeout,timeout,0,,1,1,0,c34277fde387976d6fe2d131e1d8838061368894420544ee47c0b4307e72057a,670751452ba02c952fd69ef877d09530491d6a112c2ff646837636300601caa4
play-string-context__then__play-blob-context,play-string-context,play-blob-context,menu,,menu,,menu,13,timeout,timeout,timeout,0,,1,1,0,e68c334e7e5bbf9c6665d5972caab422147b956219c3f9258e0b770185291fe4,8d845a93f59341793cc007bd6ecff916c7f275d6692acc18fc470a6c89bf85de
play-string-context__then__play-string-content,play-string-context,play-string-content,menu,,menu,0,menu,13,timeout,timeout,timeout,0,,1,1,0,a34c34345d8896c03a47150cb27a00fb2ac1bfb0ca8b0aad9f6c4dae057baab1,72424220b0b765d04a1e63b557c6a46c1f49d5ff56592cc6f85abab1e3d0af14
play-string-context__then__play-blob-content,play-string-context,play-blob-content,menu,,menu,,menu,13,timeout,timeout,raw_reply,1,11872349ae11000000011040000f021400000002060611000021021100000000,1,1,0,82a7d9c0df65b8df47fa1105a0d8de2c6c684f1cabee844ac111fc25759df174,a2498eb9c656f36f00321729db129ee547208857d7192ec47f55ffec7d44b407
play-string-context__then__play-zero-context,play-string-context,play-zero-context,menu,,timeout,,menu,13,timeout,timeout,timeout,0,,1,1,0,95ecfa257dcc699642b2444dc4a5c3dfe1e3b9619c8eda2613367b7d670776a1,0c2f1f02bbb41039090f7c088cacaa6fcd5d8d18da9231ca73160fd51413df47
play-string-context__then__play-alternate-location,play-string-context,play-alternate-location,menu,,menu,7,menu,13,timeout,timeout,timeout,0,,1,1,0,1288403f552c2485926d351302ec119bfb7029697d891e44faa841aeda9016bc,3a966b13be5309a764514fda50bc0fb7a1c50856b551db597dbda2f8e25144c5
play-string-context__then__delivery-no-arguments,play-string-context,delivery-no-arguments,menu,,timeout,,menu,13,timeout,timeout,timeout,0,,1,1,0,e87ed484076cd4fe754ea7699d4f2ee2cea84f5607a6587e161ab87290be427e,7456e3b368263a94e6c4252ca72cc141f9117a8867fda5da01d187efeee7fb33
play-string-context__then__delivery-missing-content,play-string-context,delivery-missing-content,menu,,menu,0,menu,13,timeout,timeout,timeout,0,,1,1,0,72e9c36d9eca9decce74e64b2a2fb34b75a060b666ae95ddf636c98c65426c3c,915859f3b1a0f98ba08d3ac1eb407995f8d0d7178952164b581562f6e9ecc58a
play-string-context__then__delivery-extra-argument,play-string-context,delivery-extra-argument,menu,,menu,13,menu,13,timeout,timeout,timeout,0,,1,1,0,882ba1cb93fb1d7a6bdfb038e21489ac43b2bf8c86637e85da01bbdf0ddeeb59,9785fcdaae04047c7f8bd493581426e949d844c20e4ca054ffd400ed46fec767
play-string-context__then__delivery-string-context,play-string-context,delivery-string-context,menu,,menu,,menu,13,timeout,timeout,timeout,0,,1,1,0,4cb0ed0e6239e6a1152aca6376943113a175125277bd56d40b155ba8ae65caaf,c1c6545b7f7c84e8e4ce836a8400a8b95d0871d9a8ff7bb8a7ead12422fc39e8
play-string-context__then__delivery-blob-context,play-string-context,delivery-blob-context,menu,,menu,,menu,13,timeout,timeout,timeout,0,,1,1,0,9c52607d738da15e8d0ef44d4fcd050e401105a41e3c3e9f36dbb29f01130a6e,336d7f9f053d140eb3751d679ae8ec3caa116f8e0edfa2e8ea8f860e77bf93d8
play-string-context__then__delivery-string-content,play-string-context,delivery-string-content,menu,,menu,0,menu,13,timeout,timeout,timeout,0,,1,1,0,75f650f20cdf27a98d62dc9c0010c7b20e4b5ef64c3b457cfccd37c78053111a,2bbf35901732efd461b64a12009c954c3230617f6638981b2fb3a271d6e000dd
play-string-context__then__delivery-blob-content,play-string-context,delivery-blob-content,menu,,menu,,menu,13,timeout,timeout,timeout,0,,1,1,0,73d841113080b86846aab5e74e5cf66589e7656ebc0674649eaadb2c595f190f,5aa38f62c47efd14c934377fa06a1e696acb6ffcb40f9429beda5746172de9c7
play-blob-context__then__play-no-arguments,play-blob-context,play-no-arguments,menu,,timeout,,menu,13,timeout,timeout,timeout,0,,1,1,0,ab36706ea98cc1237d0dff0fc65df3816e6d2fb18d97a12c7c321ab005d3a845,74a6d9f5c95a23cd54500616fb82a1963354d50ead18d627609d81379009fe20
play-blob-context__then__play-missing-content,play-blob-context,play-missing-content,menu,,menu,0,menu,13,timeout,timeout,timeout,0,,1,1,0,9ef7ca4cd5192a963e74bd56bcbb5a6bdafd11bbb42ed1af5d1231bc01553f31,c3a58cd88fa19471536e9abd61a705d402a0dba9c0532444354e3dad7622794d
play-blob-context__then__play-extra-argument,play-blob-context,play-extra-argument,menu,,menu,7,menu,13,timeout,timeout,timeout,0,,1,1,0,7839633b8f93d0efab3ee6c844e693b4eb16d7d955b3522c7a3adda0565d1e56,d8839dc2615a151a47b22816e0eeebdfef725f3b1ee3113f755062e355059a3e
play-blob-context__then__play-string-context,play-blob-context,play-string-context,menu,,menu,,menu,13,timeout,timeout,timeout,0,,1,1,0,64f68182b60a1c45a756e4a84ea6907f953b1362ff24159c2972a4f5b996d8c3,a22adb0ad0809f4b0fc9b1286313805d0fe038fafe0d3eae85b334bf07cab7b6
play-blob-context__then__play-blob-context,play-blob-context,play-blob-context,menu,,menu,,menu,13,timeout,timeout,timeout,0,,1,1,0,fb9d913cef0228837ed48be4cf4c4eae3b60599c8cb3feba72a2354a9ecb1075,fb228909f3b3bd4d8257c1b829c2d276d2ed8299a8d301fc9ec69f746ad1de0e
play-blob-context__then__play-string-content,play-blob-context,play-string-content,menu,,menu,0,menu,13,timeout,timeout,timeout,0,,1,1,0,5f1acde043dec1aa9fb6689a11c365d6b0b6ed2a67d43ad3e05cf8c29bfc1da4,ae8fadc1292a993310845bed9a5a9453a2e7d85fafe0faa4f30edfe116e3a8d0
play-blob-context__then__play-blob-content,play-blob-context,play-blob-content,menu,,menu,,menu,13,timeout,timeout,raw_reply,1,11872349ae11000000011040000f021400000002060611000021021100000000,1,1,0,dd1d00bfbd65961e767b1be5a6377d88e033bfff16943bddc40ebb7b1c46d713,4cbe55d994beca52ac6b7f58cc7cdffca98bbf4b4ac51f215880ca6cc5d5b260
play-blob-context__then__play-zero-context,play-blob-context,play-zero-context,menu,,timeout,,menu,13,timeout,timeout,timeout,0,,1,1,0,ce493b1e9583993437796728cdc075a106c32a47749c9913af2f76a31a95f324,ce726354d651ae46ae2d1ec7a62a3f12eb329bb9649a86594aeecac52a9311d6
play-blob-context__then__play-alternate-location,play-blob-context,play-alternate-location,menu,,menu,7,menu,13,timeout,timeout,timeout,0,,1,1,0,cfe5c7fd87514b2eb43bba9ac4b3ffef21a5faa154906eb3b08600d4d3349efc,fc98ca60e256eadb139aa716d11d8df6a9a0aaf93f6ab5c652813b7cf0ae75af
play-blob-context__then__delivery-no-arguments,play-blob-context,delivery-no-arguments,menu,,timeout,,menu,13,timeout,timeout,timeout,0,,1,1,0,8dd6a7efbc0f245467002f73fe20b52fbe746bdcaaaf6bde4e15e7e736155ea8,919febc495ee95e6050b6465ac563eb34de6b3fee1a188e0614fc39729689769
play-blob-context__then__delivery-missing-content,play-blob-context,delivery-missing-content,menu,,menu,0,menu,13,timeout,timeout,timeout,0,,1,1,0,f2ed62f208b04ab39db20fbe2b265d5229a2c949fd9078b1dc83fc0039d4f8df,647421547f8bb714ca0f395039269af07db6bd3b449964ca81fd146a96a46da9
play-blob-context__then__delivery-extra-argument,play-blob-context,delivery-extra-argument,menu,,menu,13,menu,13,timeout,timeout,timeout,0,,1,1,0,d6569f797ac41683b4dccd45ea0728a6826ba12629aaf4b1c9fe162b2513b6ed,e5f9ca7f646f3ddea8f1a6709cfb27cb7f69016be8d0c12c40e703c405d895f4
play-blob-context__then__delivery-string-context,play-blob-context,delivery-string-context,menu,,menu,,menu,13,timeout,timeout,timeout,0,,1,1,0,6be445958e6737c82ad2719d601ab0ce02ac08e18ecab751cb1ae58156130b4a,42db1f0b16caeaf56c0467c3b7251b080aaafb4603b5785fb520112bc8ab6a1b
play-blob-context__then__delivery-blob-context,play-blob-context,delivery-blob-context,menu,,menu,,menu,13,timeout,timeout,timeout,0,,1,1,0,960304e3eb8b0a2121d0b1969e9cea0f92ff3eb9df75b0b7e16557f1632166fa,372e9578489c3bbf27ac87ecafa62d72aef1ba441c021f8e30f1089401f5e795
play-blob-context__then__delivery-string-content,play-blob-context,delivery-string-content,menu,,menu,0,menu,13,timeout,timeout,timeout,0,,1,1,0,ed3f799eb3de7c2016883521f5f342209c6636c4621921e11a35ad0f1fa5903e,75219aba917e40e7c4bf14eeac3abc0b73b9ccc80515187dfc22e1e64bb79025
play-blob-context__then__delivery-blob-content,play-blob-context,delivery-blob-content,menu,,menu,,menu,13,timeout,timeout,timeout,0,,1,1,0,51732397b8f531043b7f81b12e25404398ff3db1ef48f7d1aa24ad0614236fc9,e9b0493a9bee13778a3b4e8c3879e827201b07cf90ef578cf547a68fc443280f
play-string-content__then__play-no-arguments,play-string-content,play-no-arguments,menu,0,timeout,,menu,13,timeout,timeout,timeout,0,,1,1,0,358e52e0b9626a5baa38db95747460c3e71cd1e11c4b564791a48ab7548b823d,26ff744ae4b049e6212568547f17c0fc6ba31710ccc39daa5468d54a050109ef
play-string-content__then__play-missing-content,play-string-content,play-missing-content,menu,0,menu,0,menu,13,timeout,timeout,timeout,0,,1,1,0,19ad083c85a46f9fa933d459300709ea651ed965763b25e8fe12ff352c125155,03cb01cd9e2ea6359b8db2784a816291953e3d36c34c88d39d1022068bb3bbf4
play-string-content__then__play-extra-argument,play-string-content,play-extra-argument,menu,0,menu,7,menu,13,timeout,timeout,timeout,0,,1,1,0,7c6b5216af73cd44d381bb3c94ac851f06fa6ed9fefafd54044029275ab1bd97,f570a7a6a548124896a92ab9c9d46551831153b3f1fae6a5fafecf2a97a08683
play-string-content__then__play-string-context,play-string-content,play-string-context,menu,0,menu,,menu,13,timeout,timeout,timeout,0,,1,1,0,9d7a4f9eed31a5151c8d57b2a704b95381876e53b28707f9feaf6e70980df53d,8e641d1571c27a4dff7e4b0cf1bd89b3bbaa2f4329acc88cd6be6272ddc9b32d
play-string-content__then__play-blob-context,play-string-content,play-blob-context,menu,0,menu,,menu,13,timeout,timeout,timeout,0,,1,1,0,32ca2addfd25f6aafe0b911526665a66942892c0451de6ea8ce6e6aaf34fa0dc,e1cf10a3afed6947e7f8f223f1f63d6b52bbaab0b9a56d836ddede2cdfa9ffbe
play-string-content__then__play-string-content,play-string-content,play-string-content,menu,0,menu,0,menu,13,timeout,timeout,timeout,0,,1,1,0,092ef1f10f699a915cfde30af5376cf9be09426f03012be2bef80e9b66e05b65,f62832be87434c4a6a84942b9d4176f4e09d40ba142ee5bd6db514f39703f659
play-string-content__then__play-blob-content,play-string-content,play-blob-content,menu,0,menu,,menu,13,timeout,timeout,raw_reply,1,11872349ae11000000011040000f021400000002060611000021021100000000,1,1,0,3dbbb0d7a8ca1ec34d810a2820500a5388929a6520d9e3dbffd627dc2d541ea1,46ba670ea4a94f9eb7705ea987e9068c7d7c788b67294f2a367436d49d1764ab
play-string-content__then__play-zero-context,play-string-content,play-zero-context,menu,0,timeout,,menu,13,timeout,timeout,timeout,0,,1,1,0,f13a2ad99db7aba2496a0c70863632ba64bf361f3aa39a8ad8740399b9acc6b0,364a1a27777d0ea8618a3f085c81960a3a7ef7209f7ec0eb215e3d5645e54c88
play-string-content__then__play-alternate-location,play-string-content,play-alternate-location,menu,0,menu,7,menu,13,timeout,timeout,timeout,0,,1,1,0,8c57886c3af8372e03f541d8b2e374e1f161e3ab2e6334350b5fb53c5c0fc0b8,01cdcc47b0f3514b1101db13779cae6cce2c13de47f766d08ee46caaa4a99a0a
play-string-content__then__delivery-no-arguments,play-string-content,delivery-no-arguments,menu,0,timeout,,menu,13,timeout,timeout,timeout,0,,1,1,0,01663b8c42db2fccf04697bcc68faab11bc1bef19fc6117c558b75a5a11a908a,23bc9e198b4744c94c877e6e00f542a1624d91cb9fc8ce9c491b5d1353119525
play-string-content__then__delivery-missing-content,play-string-content,delivery-missing-content,menu,0,menu,0,menu,13,timeout,timeout,timeout,0,,1,1,0,c280a7aaa0ffc0cee71216af7ee22b5cfcc83c1e6f78275d2f6d1dbc9f8b2427,d62a7ae1a61eedd3374807fe5022127db42486988e0967275c00ee2af6e7a43a
play-string-content__then__delivery-extra-argument,play-string-content,delivery-extra-argument,menu,0,menu,13,menu,13,timeout,timeout,timeout,0,,1,1,0,7c243f59879aa1129ada012ddde77a6548a87aee3c66e076ff7e774ff29ad003,50945294c704adc7c6f0ed6ed4a3ab3c5ceee5f60995649d25907a8b57ea5dec
play-string-content__then__delivery-string-context,play-string-content,delivery-string-context,menu,0,menu,,menu,13,timeout,timeout,timeout,0,,1,1,0,7bd99b288213bf0bca18eea4ee4d580d71742f7fc4256e10ffc621a356d65196,a544c6aaf7cfaaa3a5eacfbfbb53523d1458eb251ea7c77612715483a69f5be4
play-string-content__then__delivery-blob-context,play-string-content,delivery-blob-context,menu,0,menu,,menu,13,timeout,timeout,timeout,0,,1,1,0,c3c03359c5e06c11e7b9c7746da87396ec468e715f87468c0f08678b783eeb1b,b125a1ba4015418573c32e10c28afdfda9c00cb8daf571d345e5c1bf9aafff7c
play-string-content__then__delivery-string-content,play-string-content,delivery-string-content,menu,0,menu,0,menu,13,timeout,timeout,timeout,0,,1,1,0,f786be94f5b5bb5b77cdc18084716993d883db6037904bc3a498e8b436f510f5,a26a375c11a2279b6344a422e388c2c79d1aeb4189892f411b78de2150d9a00b
play-string-content__then__delivery-blob-content,play-string-content,delivery-blob-content,menu,0,menu,,menu,13,timeout,timeout,timeout,0,,1,1,0,d568a44ff1779344ee9e2236dfc9ad3e0ba0084f8de84f9c651b686911d411d2,b9b113216ba794562e1693a88fc8d907335b3be0746296382eaecb5ba534a1b3
play-blob-content__then__play-no-arguments,play-blob-content,play-no-arguments,menu,,timeout,,menu,13,timeout,raw_reply,timeout,1,11872349ae11000000011040000f021400000002060611000021021100000000,1,1,0,e09f100c871d05eaeee87c9ee23af6890ff729c2a8c8749829048311bfbdb7de,9369ed98e8676d81e2bd557f34e61bbf1e12fe5580645eb55434d0d430022d42
play-blob-content__then__play-missing-content,play-blob-content,play-missing-content,menu,,menu,0,menu,13,timeout,raw_reply,timeout,1,11872349ae11000000011040000f021400000002060611000021021100000000,1,1,0,f34db770b83d1d32ca1e2b139b1f647e7b50d79ee0a4b8d13e95b3f865d7dbcd,615fa7865294394334e413306c0711664d5d4f0657c7c53d5ff71db6e2d2eb84
play-blob-content__then__play-extra-argument,play-blob-content,play-extra-argument,menu,,menu,7,menu,13,timeout,raw_reply,timeout,1,11872349ae11000000011040000f021400000002060611000021021100000000,1,1,0,8bbddec97183894e05d3d10a9a21320b6f045d24c0a8199349a32a728b0954f6,ac3d7134db745578dcd49a2bbc6bcb3a2db5b8834d351dcef758d6ec98a47ff8
play-blob-content__then__play-string-context,play-blob-content,play-string-context,menu,,menu,,menu,13,timeout,raw_reply,timeout,1,11872349ae11000000011040000f021400000002060611000021021100000000,1,1,0,854be99e272bf0b24bb3e3589f9fd6212c9fa44043f34b68caf01b1c932c664f,c26301f4548ee57f29ddc219295c84333aae8748f2e117c9a455ce6d48ce6541
play-blob-content__then__play-blob-context,play-blob-content,play-blob-context,menu,,menu,,menu,13,timeout,raw_reply,timeout,1,11872349ae11000000011040000f021400000002060611000021021100000000,1,1,0,4c37f40fe198491bedaf37a74f44cc2e017944897990c13b92a245991ca3d5c2,722feec5d11fb64d8bdbd4921c8199de7210fb094b828b283f9c6c400cb33485
play-blob-content__then__play-string-content,play-blob-content,play-string-content,menu,,menu,0,menu,13,timeout,raw_reply,timeout,1,11872349ae11000000011040000f021400000002060611000021021100000000,1,1,0,da4901cdd67fdc5c651e6edeeb6a8acc31d210e007888b3e01e9b8d9558bcd49,0606b96488416fd2b1bf8dae4436c830211dfc093cf05832efedb93fd57e3cd1
play-blob-content__then__play-blob-content,play-blob-content,play-blob-content,menu,,menu,,menu,13,timeout,raw_reply,raw_reply,2,11872349ae11000000011040000f021400000002060611000021021100000000|11872349ae11000000011040000f021400000002060611000021021100000000,1,1,0,9f030b1a49d479ea9f3c6d0d65ab1fa14efdc3d1e67d582c4e001d812a2a022b,63fb0de7625045c1650bda79ce1c3c9a2d24251c360c52ddf1c3d5b58fff8d55
play-blob-content__then__play-zero-context,play-blob-content,play-zero-context,menu,,timeout,,menu,13,timeout,raw_reply,timeout,1,11872349ae11000000011040000f021400000002060611000021021100000000,1,1,0,364390a9f6e751f5b3618724f38f09f754f2f06f7e2fdba1ea85e95ec59846b5,914828e8cdbde069a266e3840ca3a908a743ea9f74dfa5ed9842d101d4015b5b
play-blob-content__then__play-alternate-location,play-blob-content,play-alternate-location,menu,,menu,7,menu,13,timeout,raw_reply,timeout,1,11872349ae11000000011040000f021400000002060611000021021100000000,1,1,0,54929a971ea90d8daf97abcfa94f354a29427287b103f2ea11b6d0da295c509c,d0ebe49b9b7e1949aed864c693d0f844df5f253fc7c24a4e2143faa2d60c2920
play-blob-content__then__delivery-no-arguments,play-blob-content,delivery-no-arguments,menu,,timeout,,menu,13,timeout,raw_reply,timeout,1,11872349ae11000000011040000f021400000002060611000021021100000000,1,1,0,54198599f4e38d8b3d9d7eb3feb113969d9baea0c82ff45e475ef55dc3c8b9b1,247744aa0e0f3f396fa9e650c919e8f080279bb24025247f648b531cbfb85678
play-blob-content__then__delivery-missing-content,play-blob-content,delivery-missing-content,menu,,menu,0,menu,13,timeout,raw_reply,timeout,1,11872349ae11000000011040000f021400000002060611000021021100000000,1,1,0,59eb324acb9c915d8739882aacb7bec3861c5cd23102331e05b7000da2a6a32b,9ef437f9f5b4022f21d4f7fb7ca7c9f9007835a5a6d803a783de260a372cb18f
play-blob-content__then__delivery-extra-argument,play-blob-content,delivery-extra-argument,menu,,menu,13,menu,13,timeout,raw_reply,timeout,1,11872349ae11000000011040000f021400000002060611000021021100000000,1,1,0,42d04e416df62dfeab5008cd316396aec22ee05436c4bcfdf7a3ea860bc5b27e,7702ecfad7b33be53398ae916a11fccee510e21095b5201e88cb0232b342e91e
play-blob-content__then__delivery-string-context,play-blob-content,delivery-string-context,menu,,menu,,menu,13,timeout,raw_reply,timeout,1,11872349ae11000000011040000f021400000002060611000021021100000000,1,1,0,83e8d87d1a8883ee30ff06eff6c1f6231037642bd27f895dc1fea04af5b48f56,6fc4bc25760d712d65076694e72058277b16569fea6c354704f6ee5ceee9b0b7
play-blob-content__then__delivery-blob-context,play-blob-content,delivery-blob-context,menu,,menu,,menu,13,timeout,raw_reply,timeout,1,11872349ae11000000011040000f021400000002060611000021021100000000,1,1,0,2b684f0c4b107a82144f236c8fc53169497bc19da585e17b10780d0922b770f8,f6cacb3ddc348a0a68d1f3bc0b72f93e1a290658a83ff17b8fd32cee6740225b
play-blob-content__then__delivery-string-content,play-blob-content,delivery-string-content,menu,,menu,0,menu,13,timeout,raw_reply,timeout,1,11872349ae11000000011040000f021400000002060611000021021100000000,1,1,0,8473fc54c06a9c8f033f9ad86b0dfe240f08c4322180ddee9576ea80cdba907f,fd41b72a0d6937bfa921334ec87e0eaa8aeec41562cbfac70f54a324fef68eac
play-blob-content__then__delivery-blob-content,play-blob-content,delivery-blob-content,menu,,menu,,menu,13,timeout,raw_reply,timeout,1,11872349ae11000000011040000f021400000002060611000021021100000000,1,1,0,2f1ab429e2628b9bfb4be365665a968c22881f0253f58b63c624ed107716311d,0de11c439055c201dfdb9f846f74be35ff626613288fccf85602bb2963d7dc22
play-zero-context__then__play-no-arguments,play-zero-context,play-no-arguments,timeout,,timeout,,menu,13,timeout,timeout,timeout,0,,1,1,0,d4364da93c7c09b219ae14d7389c9bd68c28bb99f03f49df831a88ba645dfdb1,f3ee38606f3f87d321c52dafe17a55608bd09a4591b136d5b109b60df2092eb3
play-zero-context__then__play-missing-content,play-zero-context,play-missing-content,timeout,,menu,0,menu,13,timeout,timeout,timeout,0,,1,1,0,f29b8611c3c63d0c451ff369e146d3a358e8a5f57bbc9a6558a23fa90fc1e97c,dc0db0c150e80176b99625eaac8a3d753475d6bd880ceeae8a357190e8c326e1
play-zero-context__then__play-extra-argument,play-zero-context,play-extra-argument,timeout,,menu,7,menu,13,timeout,timeout,timeout,0,,1,1,0,3293b18d1d8bd7680ee9e2939d76ab4221ebaa554a45e1a8f2e96599bce056e3,9ba8e9f93d513459a8421113df733394a664c59af6912046aeb8022869f60d6c
play-zero-context__then__play-string-context,play-zero-context,play-string-context,timeout,,menu,,menu,13,timeout,timeout,timeout,0,,1,1,0,bc5d78902faab018cbcfab75bcb7ef9460593c4f94f20d976291a09ed4a7bdf2,0f880d64bbd9aa1f7d8cb37b59f252b63fa938d159dd216a34b631e95b68493f
play-zero-context__then__play-blob-context,play-zero-context,play-blob-context,timeout,,menu,,menu,13,timeout,timeout,timeout,0,,1,1,0,3e2a6ab043fd9ac548d44ff8bf3a45ea6907eed93861f93f160392e512e86651,f1e545981056a2c4e7e41753260ae23d3883a9c483bd3a3e40a9d677cb4117d2
play-zero-context__then__play-string-content,play-zero-context,play-string-content,timeout,,menu,0,menu,13,timeout,timeout,timeout,0,,1,1,0,e388b4fd694915281b51aa97f8b7e9d3fc0f6861b64ce27460bcc73968fef0fb,14122c9c0a079e1af2ec9c4541e13712860d5e4a8b78ec0c46ac1f815799961e
play-zero-context__then__play-blob-content,play-zero-context,play-blob-content,timeout,,menu,,menu,13,timeout,timeout,raw_reply,1,11872349ae11000000011040000f021400000002060611000021021100000000,1,1,0,f037ce7b379e175ea88f5441270eafe6c9a49a61074a46fad1ac6f73de10964a,246a754aa9a7af5a53cd960dd8bdbeb27a61e4f6c53408b39ca2db7d7dd5ec26
play-zero-context__then__play-zero-context,play-zero-context,play-zero-context,timeout,,timeout,,menu,13,timeout,timeout,timeout,0,,1,1,0,e6d34a4d91e84ecef20fd078e9bc1c7832fde64bcc71a95c65499425550c186c,a40b565bfe6dccbb24d85760a108d574f92691d9221f5a3b0b557a3e035327d7
play-zero-context__then__play-alternate-location,play-zero-context,play-alternate-location,timeout,,menu,7,menu,13,timeout,timeout,timeout,0,,1,1,0,30de1e9e7d29429828f12b3e63c7d95a8664d49b64a68d56913b405f4241b407,68a3755d7bbe6d34173b76c24455150be4aaabf63ecb44851a90d91b50af7253
play-zero-context__then__delivery-no-arguments,play-zero-context,delivery-no-arguments,timeout,,timeout,,menu,13,timeout,timeout,timeout,0,,1,1,0,7eba2e9cf799094ad8e15c5232203d285aec05e3311b82b51992acdbb3370161,6e69baca3634c284e748e82814370ae13a35e925cb9e35e9cf58759b5552c027
play-zero-context__then__delivery-missing-content,play-zero-context,delivery-missing-content,timeout,,menu,0,menu,13,timeout,timeout,timeout,0,,1,1,0,ee2e5094e4bcf76f9d574c29309505296e189368582d5bf4954c4f50bc5b4593,837aa09f69801c89848065b159d108707d9bb240ea9436e8772f669a8c42cbee
play-zero-context__then__delivery-extra-argument,play-zero-context,delivery-extra-argument,timeout,,menu,13,menu,13,timeout,timeout,timeout,0,,1,1,0,21c245224f45ab1621627b71771a331fe1a3f81122f01cc36bc4538152989d78,e0c0bdd8e7e77c5e5264b13145dd99365c5c16cf9332277111dfa0cfa04f9155
play-zero-context__then__delivery-string-context,play-zero-context,delivery-string-context,timeout,,menu,,menu,13,timeout,timeout,timeout,0,,1,1,0,60c620a761dc322b6d675f57e616fc7291b34e2aa7a8928397a7b0b177477be7,c0f6e3809c21175754ffe53a8438c8a173eb07fe6da47ff7021ed90b0ce26b82
play-zero-context__then__delivery-blob-context,play-zero-context,delivery-blob-context,timeout,,menu,,menu,13,timeout,timeout,timeout,0,,1,1,0,fbf1e1cbf1f1914cd8af7b6a0cae9675fe707e002d8261cc3385b11b734dd93d,9248be9b99fead99527910047c0e673ddcf2ad6f6a7842801a55b173100642ca
play-zero-context__then__delivery-string-content,play-zero-context,delivery-string-content,timeout,,menu,0,menu,13,timeout,timeout,timeout,0,,1,1,0,8ea24aa6fb20b13ae1a25061ad03e4d5ea96e6025626797a6693f6891853df7c,b45a70cadcb1528f6f7df0b3a4a2c744fc59515d50e28070ff7ff2f9f08cbab4
play-zero-context__then__delivery-blob-content,play-zero-context,delivery-blob-content,timeout,,menu,,menu,13,timeout,timeout,timeout,0,,1,1,0,95d3710fc9fde627d1b9f8291f430ef930269635bdeeeb5cce5a84f03adbdee5,bd0f28ecc4fa6a24803696e8d594f09361c3f81bb0e3873dcc2266ee9bb2c6bc
play-alternate-location__then__play-no-arguments,play-alternate-location,play-no-arguments,menu,7,timeout,,menu,13,timeout,timeout,timeout,0,,1,1,0,4d78047f98a21435c84fc80d8e6046f47bc14ad4caeb958be948c7aead4d9117,19ebdaf54385a58143c92e89664277e64cdf29b26c87bff27bb4d7d480b83bb4
play-alternate-location__then__play-missing-content,play-alternate-location,play-missing-content,menu,7,menu,0,menu,13,timeout,timeout,timeout,0,,1,1,0,7a57b4a8bb666d10f0d5e9cfe808a0eed4d6cd02213f1d6b2002f2e05bb4374b,c094cf7a5fbe456bcd528497f7a521a502feb940eb78955bdd7e40fe096cccfe
play-alternate-location__then__play-extra-argument,play-alternate-location,play-extra-argument,menu,7,menu,7,menu,13,timeout,timeout,timeout,0,,1,1,0,88f86a9f09b3a3be4e8e0f61bc9c0d6b4d321af7c3426cb8de5b6a5ce6f4d7e6,1e2076ad0f248a97a37c433918a006e85cc109b77849dc730eba31a0179407b9
play-alternate-location__then__play-string-context,play-alternate-location,play-string-context,menu,7,menu,,menu,13,timeout,timeout,timeout,0,,1,1,0,534fcdc475c9cab77a26f3ec8c631cb28f5e6f691178f82510d77d1759ef9842,21fd773b2a6cbe56f2829c3f6aed30631a931fa6cc93ed4190b679cec1940321
play-alternate-location__then__play-blob-context,play-alternate-location,play-blob-context,menu,7,menu,,menu,13,timeout,timeout,timeout,0,,1,1,0,3b3a974f43f66128a767b1c1db36f41de417aafabdf487c9b1f5422fff9e79d9,d4a02c7e276fac0cee7d619b96c42aed6b292f117a4a418db2b318682ff91b2a
play-alternate-location__then__play-string-content,play-alternate-location,play-string-content,menu,7,menu,0,menu,13,timeout,timeout,timeout,0,,1,1,0,60b17a4c241eb8f27e6e98628b6bc2ee64abe55faa9588e7c9068b2e921980ac,d3879d1ff4caf164dc0220639929a0ce8636fffb5643200e3ff2fa7be7be3aba
play-alternate-location__then__play-blob-content,play-alternate-location,play-blob-content,menu,7,menu,,menu,13,timeout,timeout,raw_reply,1,11872349ae11000000011040000f021400000002060611000021021100000000,1,1,0,49a7bb584ab1464e9f7dc941b4651467a68d9529b395ea14ab8e8d083c84cf6c,affc4f136697a23baf5b76dbe90701121424df95bfa8f61105cc931a86a58bcc
play-alternate-location__then__play-zero-context,play-alternate-location,play-zero-context,menu,7,timeout,,menu,13,timeout,timeout,timeout,0,,1,1,0,68f0687dda0e4bd23e1c8049c6cf93e3af46b718b6fc28197533144c35e7e7cc,9cfdde005f868c2c22280d78907a1c93d601fa2343cf08b06f6fd0492a538588
play-alternate-location__then__play-alternate-location,play-alternate-location,play-alternate-location,menu,7,menu,7,menu,13,timeout,timeout,timeout,0,,1,1,0,172497c0350f8fedfb324575f087e0a9074ee1994639dcf20b5820318d7f72a3,85310e002c375a8855604942c6f43852882eab40065ebe02b17716425133ac47
play-alternate-location__then__delivery-no-arguments,play-alternate-location,delivery-no-arguments,menu,7,timeout,,menu,13,timeout,timeout,timeout,0,,1,1,0,51abd574b7e903c155a412c403060afed2cba8a9e42edb35d2668954e72b7529,385414c67b8391dc7a76334f8d9629884465f07b22b3bcef9bfa4eee09ffe240
play-alternate-location__then__delivery-missing-content,play-alternate-location,delivery-missing-content,menu,7,menu,0,menu,13,timeout,timeout,timeout,0,,1,1,0,c9f70d5637090d8faffaf301c718d308eafd4eca25b77ba889144b9c41835f12,401949bcaef81b556e6e2a5f18d4e9687a5482f7ffcfcb58da4b2728a0c41f03
play-alternate-location__then__delivery-extra-argument,play-alternate-location,delivery-extra-argument,menu,7,menu,13,menu,13,timeout,timeout,timeout,0,,1,1,0,bea9bf36c922ba184ddb6341aedda5054bdbcc5ae5012639511726ce401db498,99382d39dbdf3c2b869104d07c23e29bb8dc19b260045d50de2de61b5a72b8ab
play-alternate-location__then__delivery-string-context,play-alternate-location,delivery-string-context,menu,7,menu,,menu,13,timeout,timeout,timeout,0,,1,1,0,6d79445cc766bbb1d2eae0e8988bf41752c135f0435597a1e208e58af4d28c68,08deb167c0df0f162bfa5e6f54a29b36ea6674202861c987a92e72a549721985
play-alternate-location__then__delivery-blob-context,play-alternate-location,delivery-blob-context,menu,7,menu,,menu,13,timeout,timeout,timeout,0,,1,1,0,8926faeade785e6a320f3c0a492637ac81901c97cb338bfe202cbd1e767d760d,9bc624eb03f104c26935aa8d1c6cf22a7beb7ce5c9041e30619efa88b81c6a83
play-alternate-location__then__delivery-string-content,play-alternate-location,delivery-string-content,menu,7,menu,0,menu,13,timeout,timeout,timeout,0,,1,1,0,5a328a6dab0c5a6dc8d652db99e62ac45ea06e22a7e6187290c71f7970d573d7,9a4319553db645ba2db450e8fee990d0d4aa2b0c88eedbccda6e1a0d1fb65405
play-alternate-location__then__delivery-blob-content,play-alternate-location,delivery-blob-content,menu,7,menu,,menu,13,timeout,timeout,timeout,0,,1,1,0,d881d7a87f233bacc44f8abe2a8e6651c0d1c26c176f3b4e024909fd40cd4215,f71dd3b83cf3282bc44c579c07bb206ca920c92466c30547906040ea3a7df369
delivery-no-arguments__then__play-no-arguments,delivery-no-arguments,play-no-arguments,timeout,,timeout,,menu,13,timeout,timeout,timeout,0,,1,1,0,ebf9e72015dce63cc8a89a689c5b87554921878da3f411a997e3d07565b41d79,3f0b08a14cad04a78a2a78ce8229376bdb213f1ceb723a03c31e90acc57b2471
delivery-no-arguments__then__play-missing-content,delivery-no-arguments,play-missing-content,timeout,,menu,0,menu,13,timeout,timeout,timeout,0,,1,1,0,9c70650be03fcfec833240bab2faff0801f55dd8e980e0bfe9c8ee93d644aa48,9fc4b50bf1fd361fc98c7216aaaf9a6bc873c558c77ac1ce5f89b772f6779df9
delivery-no-arguments__then__play-extra-argument,delivery-no-arguments,play-extra-argument,timeout,,menu,7,menu,13,timeout,timeout,timeout,0,,1,1,0,6c9c664cb8730d8b4891e9a092d9381348e11b9a1b0ce1e245def9d9edd32998,437b71569e8ccbe254a8b2ee8c5b7506b0b1f8186855d0fa77f4837dc75c35a8
delivery-no-arguments__then__play-string-context,delivery-no-arguments,play-string-context,timeout,,menu,,menu,13,timeout,timeout,timeout,0,,1,1,0,37d13665cb3b0b2b922c3c1bdb5ae4463327f4753a12760d8222f25d1f051638,7d5089d7cf92387d23a63190c416a374796aeb48f135e0b3f8c61ed375f0b303
delivery-no-arguments__then__play-blob-context,delivery-no-arguments,play-blob-context,timeout,,menu,,menu,13,timeout,timeout,timeout,0,,1,1,0,4a2b9c59f8fd8d6c3e09616071e811bf1a4c575392920623fb671dcbdda52392,3e188658489f44ad67487b8a96a5f3311426885219c284f5e30cc6a791f04817
delivery-no-arguments__then__play-string-content,delivery-no-arguments,play-string-content,timeout,,menu,0,menu,13,timeout,timeout,timeout,0,,1,1,0,b99edc3d7111e8c92fec77094298b51a00d4ea81c52a6f51de50c0da14de6b19,6298c28b1ab6dac8bca17f56f10bc1766f48f48416accd0c428c83f546207060
delivery-no-arguments__then__play-blob-content,delivery-no-arguments,play-blob-content,timeout,,menu,,menu,13,timeout,timeout,raw_reply,1,11872349ae11000000011040000f021400000002060611000021021100000000,1,1,0,205adaa2bbc1b9ee4336a00a85d890fa7036797dc96095335b67512f5fac72b5,1ea8e2e58c09658327dfa00b5295c820fb52f8f47312d3b90e6e9b6ad37df34f
delivery-no-arguments__then__play-zero-context,delivery-no-arguments,play-zero-context,timeout,,timeout,,menu,13,timeout,timeout,timeout,0,,1,1,0,ca47776f6c99d846993bee01e48b4b5f151b38e869448ab1f4efd65b92d5c533,34a1d18e5b8d954dc9a9d1a60cd7dec3fe4f4ec7e2bdaa340ecf45a0b84d4ee3
delivery-no-arguments__then__play-alternate-location,delivery-no-arguments,play-alternate-location,timeout,,menu,7,menu,13,timeout,timeout,timeout,0,,1,1,0,06425e971082c63af6cbde0a178567be55bc1091de2f3808a4a8090ff86593b2,72e1cf8a70e0667800ff1e2c58ad70851e2e06b10697977ee895c2776b0f5315
delivery-no-arguments__then__delivery-no-arguments,delivery-no-arguments,delivery-no-arguments,timeout,,timeout,,menu,13,timeout,timeout,timeout,0,,1,1,0,9288f4252261bcb3a022082264eeb96975bdb86248b15225cb9e7be19a7d27bd,4c6389b9ae8c6be49bda03edf0ba206885c587d3c397d003cdfe6dc1d783c895
delivery-no-arguments__then__delivery-missing-content,delivery-no-arguments,delivery-missing-content,timeout,,menu,0,menu,13,timeout,timeout,timeout,0,,1,1,0,146b826eb1b310c62a26b2dd38ce08add52cd4ebc3307e355b86d87211cf231f,040e3add3634d5bf33355ddf7e8d6e0493ea103e56115fd82d2a0c2ac85491db
delivery-no-arguments__then__delivery-extra-argument,delivery-no-arguments,delivery-extra-argument,timeout,,menu,13,menu,13,timeout,timeout,timeout,0,,1,1,0,37c09cc7f2e52d631ad8a3389d6fae3f03c35814548181e534954d256d137507,167c825d4fa1640bef1e04bbdc541ac2e5dd4a42e80966e3aa42653e788fdafc
delivery-no-arguments__then__delivery-string-context,delivery-no-arguments,delivery-string-context,timeout,,menu,,menu,13,timeout,timeout,timeout,0,,1,1,0,d41aa50611a315d555a059546c44edc47b9d4721b0d83932c9ca2408547a68dd,85b5a20cc12686050b1ee5f69d7e7a0d90286fec3ce6c9388ae01f14a47dc98e
delivery-no-arguments__then__delivery-blob-context,delivery-no-arguments,delivery-blob-context,timeout,,menu,,menu,13,timeout,timeout,timeout,0,,1,1,0,2be872d1042c0d23fe6ecbb7b52a8ebe967d6948623b2710583ba24242fd7508,8c1c197ca7c6f0e7083478e93a5cd65ed9b791c1f2c880d29ae3ec33317ee5f1
delivery-no-arguments__then__delivery-string-content,delivery-no-arguments,delivery-string-content,timeout,,menu,0,menu,13,timeout,timeout,timeout,0,,1,1,0,870db88c68302f8e9cf4a1abd6510ce4b1f229f14bb6d4d907d26ff28e6c47fe,a0ac12867b1d23e84acadaa17ba726a4028fbcce93f49137a94395426f5dc5a6
delivery-no-arguments__then__delivery-blob-content,delivery-no-arguments,delivery-blob-content,timeout,,menu,,menu,13,timeout,timeout,timeout,0,,1,1,0,3403b55668daf6f59554e4a534379216e09b38b69af514dc418e120c68e5dac4,4bda7b95b1e1f1f3194b3ac6af6d31ca9e232dfae4997cd228e3312a385a5eca
delivery-missing-content__then__play-no-arguments,delivery-missing-content,play-no-arguments,menu,0,timeout,,menu,13,timeout,timeout,timeout,0,,1,1,0,719f74864b1dd632e835a4bcb08e052cfb9f380cb46f0abcc0142a85d5774fd8,e0114ed2edadf761f5abbb55c18716a3f1de4fff770204b81ab4331fcc506874
delivery-missing-content__then__play-missing-content,delivery-missing-content,play-missing-content,menu,0,menu,0,menu,13,timeout,timeout,timeout,0,,1,1,0,72028eabe96978a2bf6ca78264af52b1eecfc4d219fba0b6e5eeaf34ef5f3832,2b2b26ac261546035e2ba55e79e96aa9633c60a4f25463f1a57d3c8c0de02082
delivery-missing-content__then__play-extra-argument,delivery-missing-content,play-extra-argument,menu,0,menu,7,menu,13,timeout,timeout,timeout,0,,1,1,0,40d8c2354565e4efa9744ec934c45b86cc94fdec1bbf6c308b148fc9b8ecc4ca,90be0601df40e60a139c03bc2be05948a9c9c9347386100c559fac9f729668f5
delivery-missing-content__then__play-string-context,delivery-missing-content,play-string-context,menu,0,menu,,menu,13,timeout,timeout,timeout,0,,1,1,0,121dbbeac36ecbadbf7220c3994066ed7d6dcd44028c5228e841ddfd846e557b,fd6d6959e4af36b6db6b649aeb8f5365a34c5bfd07471fc5bb01bad4340e8d71
delivery-missing-content__then__play-blob-context,delivery-missing-content,play-blob-context,menu,0,menu,,menu,13,timeout,timeout,timeout,0,,1,1,0,c0e5d01e4323fed696aba2d350f9e45e7909f2aa3054f45c509807cee4235c2f,5312e686959d5b42376a118afd5b50f2eeb6f3e366f7c080bdab85685139d501
delivery-missing-content__then__play-string-content,delivery-missing-content,play-string-content,menu,0,menu,0,menu,13,timeout,timeout,timeout,0,,1,1,0,e6a6fb9be190847a08b00a7e9e662973c4b06772d38ca705d46f1c10e2b4d14c,3c0dae266882717aea977ab0c7584e6c7605ab8e30ae5ca7761e0c8151c96ada
delivery-missing-content__then__play-blob-content,delivery-missing-content,play-blob-content,menu,0,menu,,menu,13,timeout,timeout,raw_reply,1,11872349ae11000000011040000f021400000002060611000021021100000000,1,1,0,6a9d4954a07ae56caa0820e0e6d7b2beca0ddc9f79554a22e08650a2887b8d55,3d4f618e9eef1dd3c8f1188847d9525befc36435d9bdf80d6534320abf2550c2
delivery-missing-content__then__play-zero-context,delivery-missing-content,play-zero-context,menu,0,timeout,,menu,13,timeout,timeout,timeout,0,,1,1,0,ce90d56b951ca3529697cadd6b5c7f0ffdb8c994f5da18a96ce0678d5a669fc6,65093931a18d790da7247187f0327c079de5b0662ca67e79c2adc3b0e0684ca5
delivery-missing-content__then__play-alternate-location,delivery-missing-content,play-alternate-location,menu,0,menu,7,menu,13,timeout,timeout,timeout,0,,1,1,0,7b052f32fa5267e1aa5ab960955d74f56b396ea4e29262a942c525444a369aec,d8154d7ef0cbda42d37ed2363cc23fc657ca86f7e9756d430d91b303c8923295
delivery-missing-content__then__delivery-no-arguments,delivery-missing-content,delivery-no-arguments,menu,0,timeout,,menu,13,timeout,timeout,timeout,0,,1,1,0,6a475000ec0e242302c5553948ab321a36572ae97c5784168fe83dca349a4078,50278727cc364d39c7eda824cda62c86490f39d1581aba5872f751092b0261a5
delivery-missing-content__then__delivery-missing-content,delivery-missing-content,delivery-missing-content,menu,0,menu,0,menu,13,timeout,timeout,timeout,0,,1,1,0,e709b6cf8ab23200cd16394594534875f0193509b2dbefbf84b4f1665ca2cbdf,e1ebc5bf43a45d80e94a58553fbdcc67ca753a85a3bdd5a38d90ea5c261d566f
delivery-missing-content__then__delivery-extra-argument,delivery-missing-content,delivery-extra-argument,menu,0,menu,13,menu,13,timeout,timeout,timeout,0,,1,1,0,fea5e75c32332f914f75dcc3ff5fd6a3cced50bc5e05ffc4f0b4853e45fd6deb,ecc57d2f618c71d1804363ac0fb12328738249684a80924745d83d48f05ea6bc
delivery-missing-content__then__delivery-string-context,delivery-missing-content,delivery-string-context,menu,0,menu,,menu,13,timeout,timeout,timeout,0,,1,1,0,96291fd78ad08438668077677fd5b1ed2fcf00f236aaf0ae82f0e83265f478e4,e679cee21ef3279d5ab2bf75add2003913421a9429ee74ec95c402c6f1a27c75
delivery-missing-content__then__delivery-blob-context,delivery-missing-content,delivery-blob-context,menu,0,menu,,menu,13,timeout,timeout,timeout,0,,1,1,0,436447f7d14d4c9dfa22272970692f60b9c2a0c0519c766b0607e53d6376bc96,161800c8da4983aa2f46fc8c67b974414a8caf096373af16e4f4d15693c1a36a
delivery-missing-content__then__delivery-string-content,delivery-missing-content,delivery-string-content,menu,0,menu,0,menu,13,timeout,timeout,timeout,0,,1,1,0,d31185e57c7d2c15599e80ce5673a4aa100e9c89af479186dc0b4f45832fad67,5dbbb3efc03905a569a77f8c42f1c33c0bd53bc06da665084caee89b0d79c698
delivery-missing-content__then__delivery-blob-content,delivery-missing-content,delivery-blob-content,menu,0,menu,,menu,13,timeout,timeout,timeout,0,,1,1,0,8284c9edc2a50e4ac7a7609e8b1582cfef57da6419ef9ff8932532db4859ce26,25a2403de63af59571ff9c6b860d3fc8e6422fa667c0a75d548b02c2fcaaeda1
delivery-extra-argument__then__play-no-arguments,delivery-extra-argument,play-no-arguments,menu,13,timeout,,menu,13,timeout,timeout,timeout,0,,1,1,0,94f534f008cd9387825505be6332797b10799f5d676ce16d99501c84c15bd857,7573190c2b5e86eff8fd81ffee7a88663ebbc42a9166c61d41042eb41df6e87a
delivery-extra-argument__then__play-missing-content,delivery-extra-argument,play-missing-content,menu,13,menu,0,menu,13,timeout,timeout,timeout,0,,1,1,0,99b2a5dedfabfb08dd87fb7beed062c467377c0c96606e49ab0f059368856d9c,8349b1dac41b57239d6c0b03afbca3e0b1577a5c7996f1c79541be7384dbaaab
delivery-extra-argument__then__play-extra-argument,delivery-extra-argument,play-extra-argument,menu,13,menu,7,menu,13,timeout,timeout,timeout,0,,1,1,0,d8a68d776f92af31659d9bd6036fe28772b09df64cbda3cdb42083da2ce4fc24,ed447f7670ff389e2a937510f0edb2cd9b24506987aad7fd4b0bc486c1447598
delivery-extra-argument__then__play-string-context,delivery-extra-argument,play-string-context,menu,13,menu,,menu,13,timeout,timeout,timeout,0,,1,1,0,37b6522cf78759efb98143b3571c1eab17fc2768c40409d5b3a075c3fdf423ee,20213153e6a074a2ab8a53cbd5866121702d63920e3c560720cea1dd3b77a0db
delivery-extra-argument__then__play-blob-context,delivery-extra-argument,play-blob-context,menu,13,menu,,menu,13,timeout,timeout,timeout,0,,1,1,0,0991e078ca75f657ff49a1bcc6dbc4f0f302b0924d9bc0c347d40f36f35a68d2,a690b6ba03a350e1e9e7854d2b2ce098561ca03b95ddf6059bfe2b79fa325119
delivery-extra-argument__then__play-string-content,delivery-extra-argument,play-string-content,menu,13,menu,0,menu,13,timeout,timeout,timeout,0,,1,1,0,91bbbdf7f80850556977e3701c2937969c01d73ff270ca03bb49eb79c7381a52,6f94d86a41dcfe64ef40fdcea237a78daa236815c7e7e12cdd9566cbd955e5f9
delivery-extra-argument__then__play-blob-content,delivery-extra-argument,play-blob-content,menu,13,menu,,menu,13,timeout,timeout,raw_reply,1,11872349ae11000000011040000f021400000002060611000021021100000000,1,1,0,d5b5e44e9ec05599a72acafd37044fc9c51e238e9d8f932f1c97c7e22d0aeecf,812d742b400fcdc1a9bb5b7e5649d943a7902df687497bce7174514f7e8d6eaa
delivery-extra-argument__then__play-zero-context,delivery-extra-argument,play-zero-context,menu,13,timeout,,menu,13,timeout,timeout,timeout,0,,1,1,0,e0964a4c9ec58bf207cd222ed3adb4ff4b660be1702c9636468ebe21edb7439c,5890d226bedd9b0fb63b2dbbbb3141658830b6e1f3262e21ce445587b2aedf84
delivery-extra-argument__then__play-alternate-location,delivery-extra-argument,play-alternate-location,menu,13,menu,7,menu,13,timeout,timeout,timeout,0,,1,1,0,32f295478901ad432fef192692fc1f5ba3116c5047d9a187ab7cbe414a2119f7,eaf881d196d773463dca023829bf977759004699a4c10b849d71affd41844bba
delivery-extra-argument__then__delivery-no-arguments,delivery-extra-argument,delivery-no-arguments,menu,13,timeout,,menu,13,timeout,timeout,timeout,0,,1,1,0,446cd62c7a0827465ca4feba9e3cf53b3b952a342fb071d2f40ec056a68ee681,3e42197140e5842a5af703374ee22428fb68ad2f66544d8b39d8ca32d0e75737
delivery-extra-argument__then__delivery-missing-content,delivery-extra-argument,delivery-missing-content,menu,13,menu,0,menu,13,timeout,timeout,timeout,0,,1,1,0,0905ed672f5078d6b5dff74c1e05eb57b0e07a3a850757e6a5a40753a407ab81,341261d4454d211948715bb83109e7e38832bf4bac329935369be54f2a18fe62
delivery-extra-argument__then__delivery-extra-argument,delivery-extra-argument,delivery-extra-argument,menu,13,menu,13,menu,13,timeout,timeout,timeout,0,,1,1,0,0e9e2371ab0443ab2abb6bc901e1aa6021d0506f173e8a2b4e588c43964159fb,6dfc900b0f671a19d08b8a98c1b990cbeeb2f52f2de002c86432360caada1edd
delivery-extra-argument__then__delivery-string-context,delivery-extra-argument,delivery-string-context,menu,13,menu,,menu,13,timeout,timeout,timeout,0,,1,1,0,157d25f325e2ebe08d8ca875df188d56995a8e7b75342d686ca44c86f21db15b,31d752952a4999eba7a67ee33afa891b9f8ed1532589866c3560be40527fd563
delivery-extra-argument__then__delivery-blob-context,delivery-extra-argument,delivery-blob-context,menu,13,menu,,menu,13,timeout,timeout,timeout,0,,1,1,0,9d320b8f7acac9b6f6bbe6132b7adda8d0917de975b12286520646ec95b3a902,383845d81077d43fae8f26e15d09b631c3b55fa41f300a4488380f88cb41b5c5
delivery-extra-argument__then__delivery-string-content,delivery-extra-argument,delivery-string-content,menu,13,menu,0,menu,13,timeout,timeout,timeout,0,,1,1,0,15c85acb106f661e0b29b34c0dab32276f36ebb04e5a42480a71b43cf5c28325,8b3032edcb1b26e4afb6d9eb3de51c3ef40b043493dc886ac64d7df12d09a838
delivery-extra-argument__then__delivery-blob-content,delivery-extra-argument,delivery-blob-content,menu,13,menu,,menu,13,timeout,timeout,timeout,0,,1,1,0,befa97c9b381e08ffe69fa0b1c54463a1826f0fd1efc2c270b97405fd038f509,ef462548cc059774628cd3a826ee1962cd4cab7fe1d74f247abc6d0298c8bb12
delivery-string-context__then__play-no-arguments,delivery-string-context,play-no-arguments,menu,,timeout,,menu,13,timeout,timeout,timeout,0,,1,1,0,ccd90bed28a830d71c2ed29a783e6b0dade3510b45d46977f2f5bd97c1cc65c0,131d93497157c8ae3bae42910c95f41b57c1d1be934be483e36d47ed584737b4
delivery-string-context__then__play-missing-content,delivery-string-context,play-missing-content,menu,,menu,0,menu,13,timeout,timeout,timeout,0,,1,1,0,3c6e2c3209eded40efd3b595190e7681d966c03eadb3eb588e69bd18505d5880,cbd1c9a672c8475c96876b79f071f6cef417aeb3bc2c6df44442594772425981
delivery-string-context__then__play-extra-argument,delivery-string-context,play-extra-argument,menu,,menu,7,menu,13,timeout,timeout,timeout,0,,1,1,0,625cd86c25c6adf2480641272f6dd2ea03f66fd63fcd325ebf610c69abcb2b30,a97a59298d2acff981c521b3bcae315475aad658cd5aaacf5e1fbed0fd03d682
delivery-string-context__then__play-string-context,delivery-string-context,play-string-context,menu,,menu,,menu,13,timeout,timeout,timeout,0,,1,1,0,23f4f56b8af8b907852865d9eaccf247d36d0c39097c5117f0d2b27175a1fc5b,59bd817dd0d0a163cdc7ac2660ceef1c057822cfcb6d25b7a5e004ca63b8422c
delivery-string-context__then__play-blob-context,delivery-string-context,play-blob-context,menu,,menu,,menu,13,timeout,timeout,timeout,0,,1,1,0,cbc4c22ee002145c71b9861a9770f7148c14d88304ddcc56295b16ba79a705ed,4aaa994e2882f2e27c35d3dd8f1f490b5f6bd0358179aa076486d2e7481cfa7e
delivery-string-context__then__play-string-content,delivery-string-context,play-string-content,menu,,menu,0,menu,13,timeout,timeout,timeout,0,,1,1,0,be16ce4713bacfdd11e43a45da57884742a2be97e5987bbb3013ac0dfb25e1de,15a4b94c6d45936fdf96cdd0b620a364e9862f4ac0012da79b3c61ed8e0bca99
delivery-string-context__then__play-blob-content,delivery-string-context,play-blob-content,menu,,menu,,menu,13,timeout,timeout,raw_reply,1,11872349ae11000000011040000f021400000002060611000021021100000000,1,1,0,16d063ceb6339679fd77e8df39a8327e0cf08459696ed070933791117c6c4114,a44457a817ab1fbb678be4e04efdd390dd09a95870ebc217c367cb7711281c84
delivery-string-context__then__play-zero-context,delivery-string-context,play-zero-context,menu,,timeout,,menu,13,timeout,timeout,timeout,0,,1,1,0,dab390f2d3e1fd4dc371f0daec4ce6f5a6c23af4087a635fe1e01f2239c919a4,c799e7a5c43736b47dc378410688090ac994ecb2a77dbd590629cc25f83689c6
delivery-string-context__then__play-alternate-location,delivery-string-context,play-alternate-location,menu,,menu,7,menu,13,timeout,timeout,timeout,0,,1,1,0,296583dcbd2b383fcfd6cd5700e1b274e7a3375a368f5505877c0bb4f1eaecd8,edfdaf429484ca9e4d5f6d1f1d9806cb9f98354868e2f30af2079362502c9e91
delivery-string-context__then__delivery-no-arguments,delivery-string-context,delivery-no-arguments,menu,,timeout,,menu,13,timeout,timeout,timeout,0,,1,1,0,940e273e221ac578265da7c25a39b38d22facf905b2ba1dd3d8ac5973607eec9,5c0a2cbbbf4e45796f11ff3adf4f0d1d14eab073c91ce139d165e4cd39f0de0f
delivery-string-context__then__delivery-missing-content,delivery-string-context,delivery-missing-content,menu,,menu,0,menu,13,timeout,timeout,timeout,0,,1,1,0,020702e72de6bf061e7fd1b9faf95fdc415598a91977eb37f2c572595cd98f98,020114628b20eb66a5e45ed830617abb8f2385542321d72819427a500cb43e8d
delivery-string-context__then__delivery-extra-argument,delivery-string-context,delivery-extra-argument,menu,,menu,13,menu,13,timeout,timeout,timeout,0,,1,1,0,bb5852566e69642e2ead850d1d9d64fe2ea49bee760ac09a282f6fa1a2e37ce7,424283fc806550714cdbb9a0a3a46591afa3b4b051af7bf6cd3a6b0cafabc4ea
delivery-string-context__then__delivery-string-context,delivery-string-context,delivery-string-context,menu,,menu,,menu,13,timeout,timeout,timeout,0,,1,1,0,0cd588e61f0974db49d30f5a6afd1d5996bd20fd77f412e10577964e18c10456,0f239e6fabdede153704a6cd0c7a3960719ee8c04109e5b48b777514346e6e65
delivery-string-context__then__delivery-blob-context,delivery-string-context,delivery-blob-context,menu,,menu,,menu,13,timeout,timeout,timeout,0,,1,1,0,d1803c692153bf2a921b2819d339599447862b106de1929fa3116430139ec033,bec923db667d31f16585b56ffed393ba5d9a26917931d25d1f0a96f98c9fffa9
delivery-string-context__then__delivery-string-content,delivery-string-context,delivery-string-content,menu,,menu,0,menu,13,timeout,timeout,timeout,0,,1,1,0,264d60d99424cd2b53dee1a68f1d9ec5a91b011b3d6ec6aa6014edba94520059,3b4b364bc1e7e44d2da2bb8fba41b87c51e7c530cb3f3579dfe846e6d8a80de5
delivery-string-context__then__delivery-blob-content,delivery-string-context,delivery-blob-content,menu,,menu,,menu,13,timeout,timeout,timeout,0,,1,1,0,8849dd5df2c70fc907d4c96092ea904164903d1c8c6e4866576c25922e494614,61d95d689585f2caecbe4e1263047fbbbd2e345dfe362d9ad832b77e0ea33ebd
delivery-blob-context__then__play-no-arguments,delivery-blob-context,play-no-arguments,menu,,timeout,,menu,13,timeout,timeout,timeout,0,,1,1,0,e4407179223b46d7b21bdb43e069d164c14000a7fb0547521bf76dbafc604a54,efb839e5cec1f7d0bf1f33b2462aabaa5f65f331d7672cfb249cded4c6a4b6a2
delivery-blob-context__then__play-missing-content,delivery-blob-context,play-missing-content,menu,,menu,0,menu,13,timeout,timeout,timeout,0,,1,1,0,173aa599c5b86df273992ab6396409b68195b5a2744d282d83778b9f47c276b3,025561942fe236f46bf2a96acd62c2a44d1d5d993816f800a1e73d816da249fb
delivery-blob-context__then__play-extra-argument,delivery-blob-context,play-extra-argument,menu,,menu,7,menu,13,timeout,timeout,timeout,0,,1,1,0,27c04c085c7fcc09737c183328d7d4a7f2d29c66a969e081a76124f9992fe245,01c53dcf1cf73940ad2ad5ad0ba180e85e6e822e75e98f904a0256cff1c16205
delivery-blob-context__then__play-string-context,delivery-blob-context,play-string-context,menu,,menu,,menu,13,timeout,timeout,timeout,0,,1,1,0,09474247c73f59ecfb98218da349960edf399898695560ace2775c98f456e645,42e78ccf61d8b7eb9214afc422f35d668fa23a0fe1d88c7dd4a5b6fa375235ad
delivery-blob-context__then__play-blob-context,delivery-blob-context,play-blob-context,menu,,menu,,menu,13,timeout,timeout,timeout,0,,1,1,0,c13ca8c8f1de3714389c85ea07b31dfc93ebf8f459813b6b3b0ed4e2568c0fe1,b4eca2804de643fa18d8619115555472401abd99a6cb292cda5d957376bcb851
delivery-blob-context__then__play-string-content,delivery-blob-context,play-string-content,menu,,menu,0,menu,13,timeout,timeout,timeout,0,,1,1,0,1acc51786ad39cfdb0a9100f3469166543284bb705b51f2ebdaab08be63182f2,75b55cfc33f4632616213e73819abe38b6ffb9827b2a61f45271faabb558694a
delivery-blob-context__then__play-blob-content,delivery-blob-context,play-blob-content,menu,,menu,,menu,13,timeout,timeout,raw_reply,1,11872349ae11000000011040000f021400000002060611000021021100000000,1,1,0,139bc0e74efa5b0240a1fc663e542bffb8c0fe33fc5e28cadc2f388baa225013,b8a75ed9ce9d0984561197e8dbe36cc0c86c11a40264c03edda4ddd9d70d7883
delivery-blob-context__then__play-zero-context,delivery-blob-context,play-zero-context,menu,,timeout,,menu,13,timeout,timeout,timeout,0,,1,1,0,0d22526b9c044be12a60bd2d843b91beb0f8e2efd5be901c2707b1388d378eb8,da9d6939e62b8edd77278e1ab9df8bde28bb2db112030f54f5bbd5ded85e6af3
delivery-blob-context__then__play-alternate-location,delivery-blob-context,play-alternate-location,menu,,menu,7,menu,13,timeout,timeout,timeout,0,,1,1,0,02d1c63e4292d2440cf235e63d1f33b09ce2ef0d0ad794704f3307506a9ee071,82aef5029c19921f2fbda3cc15d68a37f4ca34f0b5a4048bcea35ad67592259c
delivery-blob-context__then__delivery-no-arguments,delivery-blob-context,delivery-no-arguments,menu,,timeout,,menu,13,timeout,timeout,timeout,0,,1,1,0,c5dcf50fdbd2489a660e61c64b009e5c81ae495f69fd403c6f132b6158329357,087727fb572ab5ec2c57d834b8262fc470c29d9d40f94d375f16dd4f5c152459
delivery-blob-context__then__delivery-missing-content,delivery-blob-context,delivery-missing-content,menu,,menu,0,menu,13,timeout,timeout,timeout,0,,1,1,0,abddb2eb6d4f7469570f5784a3fe8f1e8a175fd505699a26175a8223ab9b1ef2,1c1da1b6d6e1c86017d7d9370abf2f6e9ec680af206bf71f157898a771af5f97
delivery-blob-context__then__delivery-extra-argument,delivery-blob-context,delivery-extra-argument,menu,,menu,13,menu,13,timeout,timeout,timeout,0,,1,1,0,1d94e19bbef36152159f4fd09c71c880b764963568789db527234186b2e0332e,1a456898b592034687f7531908dab461e54b90b77e493ad081e174b1032c1d8c
delivery-blob-context__then__delivery-string-context,delivery-blob-context,delivery-string-context,menu,,menu,,menu,13,timeout,timeout,timeout,0,,1,1,0,d030a657a4789a8d3ff100392b26fe7c90c74a8ba970be8813ec83cf65939f00,82caaafc73461ac7f270c19f443fb4bddd9fc605e957ebcb01017a0922a62db2
delivery-blob-context__then__delivery-blob-context,delivery-blob-context,delivery-blob-context,menu,,menu,,menu,13,timeout,timeout,timeout,0,,1,1,0,5c56729fa0c70fc6d76c67e9b4f5d0d8e8d647e899750f94a1ef9d21ea2fda9b,7e7ee5995cc64349cb011dcb9a593c05f7fc7d7dd7d5c691adf03c34485dde8f
delivery-blob-context__then__delivery-string-content,delivery-blob-context,delivery-string-content,menu,,menu,0,menu,13,timeout,timeout,timeout,0,,1,1,0,c1e10b5652dfc8e03b25c876ac72a17e7cb9b83d1dcc68c6779c2f0de51cac13,69dc18b59f4ce43a6c3da14ac15be81648975cc6e6a857d1f46d64e7501431d2
delivery-blob-context__then__delivery-blob-content,delivery-blob-context,delivery-blob-content,menu,,menu,,menu,13,timeout,timeout,timeout,0,,1,1,0,cbf98149da6d587d47a411f449dd842a6e19ff981a851f1aa19fcd3fcd8812a2,20adb77d99b180d4dbbe777d704803840058531b062b2707b642678004377e73
delivery-string-content__then__play-no-arguments,delivery-string-content,play-no-arguments,menu,0,timeout,,menu,13,timeout,timeout,timeout,0,,1,1,0,b70749ef6995e43aebdcf3bf24f198ef41e01d24741580906895bb316605bbb2,0261c45f25f37474e266701a9bffca3aa61f1c3170c0ae6d6ab7fcf2cf3c0236
delivery-string-content__then__play-missing-content,delivery-string-content,play-missing-content,menu,0,menu,0,menu,13,timeout,timeout,timeout,0,,1,1,0,83e40034f121785a15568d51f68211ce2fbdb88cb95cb7b7829e90712f41cbae,034a4662969515ed6e1390a0ba189431c7233ac78cfc2958c4b815848e8e7153
delivery-string-content__then__play-extra-argument,delivery-string-content,play-extra-argument,menu,0,menu,7,menu,13,timeout,timeout,timeout,0,,1,1,0,4eac281d901f32bc09234864d89cefcbf60852b950b96bf1d4e34449d1c76177,f185dd94f003dde13ad3e0ba4a6a2584236afdc2ad950efbefccc14ff8e94258
delivery-string-content__then__play-string-context,delivery-string-content,play-string-context,menu,0,menu,,menu,13,timeout,timeout,timeout,0,,1,1,0,48d25eeab2ecccca5a1b976ad523bbb433e320a232ffe7d03b04e19add9f98ba,e4f681779317f9b18f915e92a60e87903734ae330d32519d72a6bfb456a8a5ca
