id,kind,outcome,raw_bytes,decoded_bytes,message_kinds,error_kind
kind-2003--path-nonempty-missing,2003,raw_reply,39,39,4002,
kind-2003--path-empty,2003,raw_reply,39,39,4002,
kind-2003--path-null,2003,raw_reply,39,39,4002,
kind-2103--path-nonempty-missing,2103,raw_reply,39,39,4002,
kind-2103--path-empty,2103,raw_reply,39,39,4002,
kind-2103--path-null,2103,raw_reply,39,39,4002,
kind-2004--path-nonempty-missing,2004,raw_reply,39,39,4402,
kind-2004--path-empty,2004,raw_reply,39,39,4402,
kind-2004--path-null,2004,raw_reply,39,39,4402,
kind-2204--path-nonempty-missing,2204,raw_reply,45,45,4602,
kind-2204--path-empty,2204,raw_reply,45,45,4602,
kind-2204--path-null,2204,raw_reply,45,45,4602,
kind-2504--path-nonempty-missing,2504,raw_reply,39,39,4502,
kind-2504--path-empty,2504,raw_reply,39,39,4502,
kind-2504--path-null,2504,raw_reply,39,39,4502,
kind-2804--path-nonempty-missing,2804,raw_reply,32,32,4000,
kind-2804--path-empty,2804,raw_reply,32,32,4000,
kind-2804--path-null,2804,raw_reply,32,32,4000,
kind-2904--path-nonempty-missing,2904,raw_reply,39,39,4a02,
kind-2904--path-empty,2904,raw_reply,39,39,4a02,
kind-2904--path-null,2904,raw_reply,39,39,4a02,
kind-2a04--path-nonempty-missing,2a04,raw_reply,39,39,4c02,
kind-2a04--path-empty,2a04,raw_reply,39,39,4c02,
kind-2a04--path-null,2a04,raw_reply,39,39,4c02,
kind-2c04--path-nonempty-missing,2c04,raw_reply,45,45,4f02,
kind-2c04--path-empty,2c04,raw_reply,45,45,4f02,
kind-2c04--path-null,2c04,raw_reply,45,45,4f02,
kind-2d04--path-nonempty-missing,2d04,raw_reply,45,45,4f02,
kind-2d04--path-empty,2d04,raw_reply,45,45,4f02,
kind-2d04--path-null,2d04,raw_reply,45,45,4f02,
kind-2003--path-playlist-nonempty-missing,2003,raw_reply,39,39,4002,
