item_type,rows,menu_count,example_labels,example_path
0x0001,8,2,Crates | Studio Mixes | WIP | CDs | Hardcore Homies 2021 | Hardcore Homies 2020 | Anjunafamily LA 9.9.20 | So Stoked 2020,ROOT > PLAYLIST
0x0002,101,13,Ablazing Spring Sessions 2022 | Ain't No Grave | Alive Again | Ally | Aquis (Plutian pres. Astrion Remix) | A Place Where Love Is Born: Remixes | A/LOG:02 | Bang On!,ROOT > ALBUM
0x0006,27,1,Acoustic | Ambient | Dance | Disco | Drum Step | Drum & Bass | Electro | Freeform,ROOT > GENRE
0x0007,84,5,"Afternova, Andrea Becker | Akku | Abitan | Above & Beyond | Above & Beyond Ft. Richard Bedford | Above & Beyond vs The Thrillseekers, Skylex | Access 3 | Activa & Shannon Hurley",ROOT > ARTIST
0x0008,91,5,Happy | CUE Analysis Playlist | Hardcore | Trance | Everything Else | Mizu Project 2025 | Purkhiser 2025 FULL | Purkhiser 2025,ROOT > PLAYLIST
0x000a,2,1,,ROOT > RATING
0x000b,12,1,,ROOT > TIME
0x000d,78,2,,ROOT > BPM
0x000e,64,1,Ablazing Records | Abora Recordings | Abstraction Records | Aerodynamica Music | AEZ Recordings | Afterdark | Alkanet | Allkore,ROOT > LABEL
0x000f,30,3,1A | 1B | 2A | 2B | 3A | 3B | 4A | 4B,ROOT > KEY
0x0010,12,1,,ROOT > BITRATE
0x0011,11,2,,ROOT > YEAR
0x0014,1,1,Pink,ROOT > COLOR
0x0015,1,1,Red,ROOT > COLOR
0x0016,1,1,Orange,ROOT > COLOR
0x0017,1,1,Yellow,ROOT > COLOR
0x0018,1,1,Green,ROOT > COLOR
0x0019,1,1,Aqua,ROOT > COLOR
0x001a,1,1,Blue,ROOT > COLOR
0x001b,1,1,Purple,ROOT > COLOR
0x0029,64,1,ABJ & Riche | Above & Beyond | Aethral | Afternova | Aire | Aki | Akira Complex | Alaguan,ROOT > REMIXER
0x0080,1,1,GENRE,ROOT
0x0081,1,1,ARTIST,ROOT
0x0082,1,1,ALBUM,ROOT
0x0083,1,1,TRACK,ROOT
0x0084,1,1,PLAYLIST,ROOT
0x0085,1,1,BPM,ROOT
0x0086,1,1,RATING,ROOT
0x0087,1,1,YEAR,ROOT
0x0088,1,1,REMIXER,ROOT
0x0089,1,1,LABEL,ROOT
0x008a,1,1,ORIGINAL ARTIST,ROOT
0x008b,1,1,KEY,ROOT
0x008e,1,1,COLOR,ROOT
0x0091,1,1,SEARCH,ROOT
0x0092,1,1,TIME,ROOT
0x0093,1,1,BITRATE,ROOT
0x0094,1,1,FILE NAME,ROOT
0x0095,1,1,HISTORY,ROOT
0x0098,1,1,HOT CUE BANK,ROOT
0x00a0,6,6,ALL,ROOT > ARTIST > Abitan
0x00aa,1,1,MATCHING,ROOT
0x0f04,708,38,Air | Again | Better Off Alone | Another Life (Extended Mix) | Adaption | Addict (Exclusive Mix) | Addict (Liqo Remix) (Comp Winner) | Addict (Pulse Remix),ROOT > ALBUM > Ablazing Spring Sessions 2022
