index,depth,path,request_name,request_kind,signature,arguments_json,available_rows,captured_rows,pages
0,0,ROOT,root menu,0x1000,"0x1000(number, number, number)","[16843521, 0, 97517567]",20,20,1
1,1,ROOT > TRACK,track menu,0x1004,"0x1004(number, number)","[16843521, 0]",4342,64,2
2,1,ROOT > KEY,key menu,0x1014,"0x1014(number, number)","[16843521, 0]",24,24,1
3,1,ROOT > BPM,kind 0x1006,0x1006,"0x1006(number, number)","[16843521, 0]",84,64,2
4,1,ROOT > GENRE,genre menu,0x1001,"0x1001(number, number)","[16843521, 0]",27,27,1
5,1,ROOT > ARTIST,artist menu,0x1002,"0x1002(number, number)","[16843521, 0]",2203,64,2
6,1,ROOT > ALBUM,album menu,0x1003,"0x1003(number, number)","[16843521, 0]",765,64,2
7,1,ROOT > MATCHING,kind 0x1017,0x1017,"0x1017(number, number, number)","[16843521, 0, 245834041]",1,1,1
8,1,ROOT > PLAYLIST,playlist menu,0x1105,"0x1105(number, number, number, number)","[16843521, 0, 0, 1]",8,8,1
9,1,ROOT > HISTORY,history menu,0x1012,"0x1012(number, number)","[16843521, 0]",0,0,0
10,1,ROOT > BITRATE,kind 0x1011,0x1011,"0x1011(number, number)","[16843521, 0]",12,12,1
11,1,ROOT > COLOR,kind 0x100d,0x100d,"0x100d(number, number)","[16843521, 0]",8,8,1
12,1,ROOT > FILE NAME,kind 0x1013,0x1013,"0x1013(number, number)","[16843521, 0]",4342,64,2
13,1,ROOT > HOT CUE BANK > REJECTED 0x1018 GUESS,rejected guessed route,0x1018,"0x1018(number, number)","[16843521, 0]",,0,0
14,1,ROOT > LABEL,kind 0x100a,0x100a,"0x100a(number, number)","[16843521, 0]",353,64,2
15,1,ROOT > ORIGINAL ARTIST,kind 0x1302,0x1302,"0x1302(number, number)","[16843521, 0]",0,0,0
16,1,ROOT > RATING,kind 0x1007,0x1007,"0x1007(number, number)","[16843521, 0]",2,2,1
17,1,ROOT > REMIXER,kind 0x1602,0x1602,"0x1602(number, number)","[16843521, 0]",540,64,2
18,1,ROOT > TIME,kind 0x1010,0x1010,"0x1010(number, number)","[16843521, 0]",12,12,1
19,1,ROOT > YEAR,kind 0x1008,0x1008,"0x1008(number, number)","[16843521, 0]",5,5,1
20,2,ROOT > KEY > 1A,related keys,0x1114,"0x1114(number, number, number)","[16843521, 0, 1]",3,3,1
21,2,ROOT > KEY > 1B,related keys,0x1114,"0x1114(number, number, number)","[16843521, 0, 2]",3,3,1
22,2,ROOT > BPM > ,kind 0x1106,0x1106,"0x1106(number, number, number)","[16843521, 0, 8000]",7,7,1
23,2,ROOT > BPM > ,kind 0x1106,0x1106,"0x1106(number, number, number)","[16843521, 0, 8300]",7,7,1
24,2,ROOT > GENRE > Acoustic,genre's artists,0x1101,"0x1101(number, number, number)","[16843521, 0, 864528331]",1,1,1
25,2,ROOT > GENRE > Ambient,genre's artists,0x1101,"0x1101(number, number, number)","[16843521, 0, 2846016634]",4,4,1
26,2,ROOT > ARTIST > Abitan,artist's albums,0x1102,"0x1102(number, number, number)","[16843521, 0, 1012899719]",11,11,1
27,2,ROOT > ARTIST > Above & Beyond,artist's albums,0x1102,"0x1102(number, number, number)","[16843521, 0, 1296873584]",1,1,1
28,2,ROOT > ALBUM > Ablazing Spring Sessions 2022,album's tracks,0x1103,"0x1103(number, number, number)","[16843521, 0, 2874815712]",1,1,1
29,2,ROOT > ALBUM > Above The World II,album's tracks,0x1103,"0x1103(number, number, number)","[16843521, 0, 2927666154]",14,14,1
30,2,ROOT > PLAYLIST > Crates,playlist menu,0x1105,"0x1105(number, number, number, number)","[16843521, 0, 1659165800, 1]",70,64,2
31,2,ROOT > PLAYLIST > Studio Mixes,playlist menu,0x1105,"0x1105(number, number, number, number)","[16843521, 0, 4153833620, 1]",19,19,1
32,2,ROOT > BITRATE > ,kind 0x1111,0x1111,"0x1111(number, number, number)","[16843521, 0, 2304]",1,1,1
33,2,ROOT > BITRATE > ,kind 0x1111,0x1111,"0x1111(number, number, number)","[16843521, 0, 2116]",16,16,1
34,2,ROOT > COLOR > Pink,kind 0x110d,0x110d,"0x110d(number, number, number)","[16843521, 0, 1]",0,0,0
35,2,ROOT > COLOR > Red,kind 0x110d,0x110d,"0x110d(number, number, number)","[16843521, 0, 2]",4,4,1
36,2,ROOT > LABEL > Ablazing Records,kind 0x110a,0x110a,"0x110a(number, number, number)","[16843521, 0, 3723680785]",1,1,1
37,2,ROOT > LABEL > Abora Recordings,kind 0x110a,0x110a,"0x110a(number, number, number)","[16843521, 0, 4002248817]",16,16,1
38,2,ROOT > RATING > ,kind 0x1107,0x1107,"0x1107(number, number, number)","[16843521, 0, 1]",7,7,1
39,2,ROOT > RATING > ,kind 0x1107,0x1107,"0x1107(number, number, number)","[16843521, 0, 0]",4335,64,2
40,2,ROOT > REMIXER > ABJ & Riche,kind 0x1702,0x1702,"0x1702(number, number, number)","[16843521, 0, 4118113188]",1,1,1
41,2,ROOT > REMIXER > Above & Beyond,kind 0x1702,0x1702,"0x1702(number, number, number)","[16843521, 0, 1296873584]",1,1,1
42,2,ROOT > TIME > ,kind 0x1110,0x1110,"0x1110(number, number, number)","[16843521, 0, 11]",2,2,1
43,2,ROOT > TIME > ,kind 0x1110,0x1110,"0x1110(number, number, number)","[16843521, 0, 10]",10,10,1
44,2,ROOT > YEAR > ,kind 0x1108,0x1108,"0x1108(number, number, number)","[16843521, 0, 2050]",1,1,1
45,2,ROOT > YEAR > ,kind 0x1108,0x1108,"0x1108(number, number, number)","[16843521, 0, 2020]",6,6,1
46,3,ROOT > KEY > 1A > 1A,key's tracks,0x1214,"0x1214(number, number, number, number)","[16843521, 0, 1, 1]",375,64,2
47,3,ROOT > KEY > 1B > 1B,key's tracks,0x1214,"0x1214(number, number, number, number)","[16843521, 0, 2, 2]",593,64,2
48,3,ROOT > BPM >  > ,kind 0x1206,0x1206,"0x1206(number, number, number, number)","[16843521, 0, 8000, 0]",1,1,1
49,3,ROOT > BPM >  > ,kind 0x1206,0x1206,"0x1206(number, number, number, number)","[16843521, 0, 8000, 1]",1,1,1
50,3,ROOT > BPM >  > ,kind 0x1206,0x1206,"0x1206(number, number, number, number)","[16843521, 0, 8300, 0]",1,1,1
51,3,ROOT > BPM >  > ,kind 0x1206,0x1206,"0x1206(number, number, number, number)","[16843521, 0, 8300, 1]",1,1,1
52,3,ROOT > GENRE > Acoustic > S3RL Ft. Tamika,genre artist's albums,0x1201,"0x1201(number, number, number, number)","[16843521, 0, 864528331, 105932388]",1,1,1
53,3,ROOT > GENRE > Ambient > ALL,genre artist's albums,0x1201,"0x1201(number, number, number, number)","[16843521, 0, 2846016634, 4294967295]",4,4,1
54,3,ROOT > GENRE > Ambient > DJ DiA,genre artist's albums,0x1201,"0x1201(number, number, number, number)","[16843521, 0, 2846016634, 3558943533]",1,1,1
55,3,ROOT > GENRE > Ambient > raz.,genre artist's albums,0x1201,"0x1201(number, number, number, number)","[16843521, 0, 2846016634, 1856729434]",1,1,1
56,3,ROOT > ARTIST > Abitan > ALL,artist's album tracks,0x1202,"0x1202(number, number, number, number)","[16843521, 0, 1012899719, 4294967295]",10,10,1
57,3,ROOT > ARTIST > Abitan > A/LOG:02,artist's album tracks,0x1202,"0x1202(number, number, number, number)","[16843521, 0, 1012899719, 2724300228]",1,1,1
58,3,ROOT > ARTIST > Abitan > Five-Star Luster,artist's album tracks,0x1202,"0x1202(number, number, number, number)","[16843521, 0, 1012899719, 1216839495]",1,1,1
59,3,ROOT > ARTIST > Above & Beyond > Can't Sleep,artist's album tracks,0x1202,"0x1202(number, number, number, number)","[16843521, 0, 1296873584, 3340062055]",1,1,1
60,3,ROOT > PLAYLIST > Crates > Hardcore Homies 2021,playlist menu,0x1105,"0x1105(number, number, number, number)","[16843521, 0, 1929990381, 1]",4,4,1
61,3,ROOT > PLAYLIST > Crates > Hardcore Homies 2020,playlist menu,0x1105,"0x1105(number, number, number, number)","[16843521, 0, 1970962779, 1]",4,4,1
62,3,ROOT > PLAYLIST > Studio Mixes > Ramen Break Aug 2024,playlist menu,0x1105,"0x1105(number, number, number, number)","[16843521, 0, 1148719284, 0]",24,24,1
63,3,ROOT > PLAYLIST > Studio Mixes > PP2 picking,playlist menu,0x1105,"0x1105(number, number, number, number)","[16843521, 0, 1461933472, 0]",4,4,1
64,3,ROOT > LABEL > Ablazing Records > Trance Ferhat & Gayax,kind 0x120a,0x120a,"0x120a(number, number, number, number)","[16843521, 0, 3723680785, 3110372750]",1,1,1
65,3,ROOT > LABEL > Abora Recordings > ALL,kind 0x120a,0x120a,"0x120a(number, number, number, number)","[16843521, 0, 4002248817, 4294967295]",16,16,1
66,3,"ROOT > LABEL > Abora Recordings > Afternova, Andrea Becker",kind 0x120a,0x120a,"0x120a(number, number, number, number)","[16843521, 0, 4002248817, 1794300998]",1,1,1
67,3,ROOT > LABEL > Abora Recordings > Akku,kind 0x120a,0x120a,"0x120a(number, number, number, number)","[16843521, 0, 4002248817, 1679305842]",1,1,1
68,3,ROOT > REMIXER > ABJ & Riche > Bang On!,kind 0x1802,0x1802,"0x1802(number, number, number, number)","[16843521, 0, 4118113188, 11175271]",1,1,1
69,3,ROOT > REMIXER > Above & Beyond > One Night In Tokyo,kind 0x1802,0x1802,"0x1802(number, number, number, number)","[16843521, 0, 1296873584, 1478239082]",1,1,1
70,3,ROOT > YEAR >  > ,kind 0x1208,0x1208,"0x1208(number, number, number, number)","[16843521, 0, 2050, 2050]",1,1,1
71,3,ROOT > YEAR >  > ALL,kind 0x1208,0x1208,"0x1208(number, number, number, number)","[16843521, 0, 2020, 4294967295]",533,64,2
72,3,ROOT > YEAR >  > ,kind 0x1208,0x1208,"0x1208(number, number, number, number)","[16843521, 0, 2020, 2024]",23,23,1
73,3,ROOT > YEAR >  > ,kind 0x1208,0x1208,"0x1208(number, number, number, number)","[16843521, 0, 2020, 2023]",17,17,1
74,4,ROOT > GENRE > Acoustic > S3RL Ft. Tamika > Unknown,genre artist's album tracks,0x1301,"0x1301(number, number, number, number, number)","[16843521, 0, 864528331, 105932388, 0]",1,1,1
75,4,ROOT > GENRE > Ambient > ALL > ALL,genre artist's album tracks,0x1301,"0x1301(number, number, number, number, number)","[16843521, 0, 2846016634, 4294967295, 4294967295]",3,3,1
76,4,ROOT > GENRE > Ambient > ALL > Ain't No Grave,genre artist's album tracks,0x1301,"0x1301(number, number, number, number, number)","[16843521, 0, 2846016634, 4294967295, 1806651701]",1,1,1
77,4,ROOT > GENRE > Ambient > ALL > Carry Tears,genre artist's album tracks,0x1301,"0x1301(number, number, number, number, number)","[16843521, 0, 2846016634, 4294967295, 2655815166]",1,1,1
78,4,ROOT > GENRE > Ambient > DJ DiA > Carry Tears,genre artist's album tracks,0x1301,"0x1301(number, number, number, number, number)","[16843521, 0, 2846016634, 3558943533, 2655815166]",1,1,1
79,4,ROOT > GENRE > Ambient > raz. > re:BOOTed,genre artist's album tracks,0x1301,"0x1301(number, number, number, number, number)","[16843521, 0, 2846016634, 1856729434, 2629852317]",1,1,1
80,4,ROOT > PLAYLIST > Crates > Hardcore Homies 2021 > J-CORE,playlist menu,0x1105,"0x1105(number, number, number, number)","[16843521, 0, 3504682718, 0]",29,29,1
81,4,ROOT > PLAYLIST > Crates > Hardcore Homies 2021 > Hard,playlist menu,0x1105,"0x1105(number, number, number, number)","[16843521, 0, 190321735, 0]",37,37,2
82,4,ROOT > PLAYLIST > Crates > Hardcore Homies 2020 > Upfront,playlist menu,0x1105,"0x1105(number, number, number, number)","[16843521, 0, 478196463, 0]",36,36,2
83,4,ROOT > PLAYLIST > Crates > Hardcore Homies 2020 > Hard hitting,playlist menu,0x1105,"0x1105(number, number, number, number)","[16843521, 0, 266828887, 0]",50,50,2
84,4,ROOT > LABEL > Ablazing Records > Trance Ferhat & Gayax > Ablazing Spring Sessions 2022,kind 0x130a,0x130a,"0x130a(number, number, number, number, number)","[16843521, 0, 3723680785, 3110372750, 2874815712]",1,1,1
85,4,ROOT > LABEL > Abora Recordings > ALL > ALL,kind 0x130a,0x130a,"0x130a(number, number, number, number, number)","[16843521, 0, 4002248817, 4294967295, 4294967295]",15,15,1
86,4,ROOT > LABEL > Abora Recordings > ALL > Alive Again,kind 0x130a,0x130a,"0x130a(number, number, number, number, number)","[16843521, 0, 4002248817, 4294967295, 3588930678]",1,1,1
87,4,ROOT > LABEL > Abora Recordings > ALL > Ally,kind 0x130a,0x130a,"0x130a(number, number, number, number, number)","[16843521, 0, 4002248817, 4294967295, 2442264541]",1,1,1
88,4,"ROOT > LABEL > Abora Recordings > Afternova, Andrea Becker > For You",kind 0x130a,0x130a,"0x130a(number, number, number, number, number)","[16843521, 0, 4002248817, 1794300998, 3723754467]",1,1,1
89,4,ROOT > LABEL > Abora Recordings > Akku > Megumi (Emotional Mix),kind 0x130a,0x130a,"0x130a(number, number, number, number, number)","[16843521, 0, 4002248817, 1679305842, 2490763780]",1,1,1
