request_kind,request_name,signature,menu_count,available_rows,captured_rows,example_path,example_arguments
0x1000,root menu,"0x1000(number, number, number)",1,20,20,ROOT,"[16843521, 0, 97517567]"
0x1001,genre menu,"0x1001(number, number)",1,27,27,ROOT > GENRE,"[16843521, 0]"
0x1002,artist menu,"0x1002(number, number)",1,2203,64,ROOT > ARTIST,"[16843521, 0]"
0x1003,album menu,"0x1003(number, number)",1,765,64,ROOT > ALBUM,"[16843521, 0]"
0x1004,track menu,"0x1004(number, number)",1,4342,64,ROOT > TRACK,"[16843521, 0]"
0x1006,kind 0x1006,"0x1006(number, number)",1,84,64,ROOT > BPM,"[16843521, 0]"
0x1007,kind 0x1007,"0x1007(number, number)",1,2,2,ROOT > RATING,"[16843521, 0]"
0x1008,kind 0x1008,"0x1008(number, number)",1,5,5,ROOT > YEAR,"[16843521, 0]"
0x100a,kind 0x100a,"0x100a(number, number)",1,353,64,ROOT > LABEL,"[16843521, 0]"
0x100d,kind 0x100d,"0x100d(number, number)",1,8,8,ROOT > COLOR,"[16843521, 0]"
0x1010,kind 0x1010,"0x1010(number, number)",1,12,12,ROOT > TIME,"[16843521, 0]"
0x1011,kind 0x1011,"0x1011(number, number)",1,12,12,ROOT > BITRATE,"[16843521, 0]"
0x1012,history menu,"0x1012(number, number)",1,0,0,ROOT > HISTORY,"[16843521, 0]"
0x1013,kind 0x1013,"0x1013(number, number)",1,4342,64,ROOT > FILE NAME,"[16843521, 0]"
0x1014,key menu,"0x1014(number, number)",1,24,24,ROOT > KEY,"[16843521, 0]"
0x1017,kind 0x1017,"0x1017(number, number, number)",1,1,1,ROOT > MATCHING,"[16843521, 0, 245834041]"
0x1018,rejected guessed Hot Cue Bank route,"0x1018(number, number)",1,0,0,ROOT > HOT CUE BANK rejected control,"[16843521, 0]"
0x2001,Hot Cue Bank catalog,"0x2001(number, number, number, number)",31,10,10,ROOT > HOT CUE BANK synthetic oracle,"[16843521, 9012, 0, 16]"
0x2101,Hot Cue Bank cue information,"0x2101(number, number)",10,0,0,HOT CUE BANK direct response,"[16843521, 9012] -> 0x4702; three 36-byte cue records plus three 8-byte extensions"
0x1101,genre's artists,"0x1101(number, number, number)",2,5,5,ROOT > GENRE > Acoustic,"[16843521, 0, 864528331]"
0x1102,artist's albums,"0x1102(number, number, number)",2,12,12,ROOT > ARTIST > Abitan,"[16843521, 0, 1012899719]"
0x1103,album's tracks,"0x1103(number, number, number)",2,15,15,ROOT > ALBUM > Ablazing Spring Sessions 2022,"[16843521, 0, 2874815712]"
0x1105,playlist menu,"0x1105(number, number, number, number)",11,285,279,ROOT > PLAYLIST,"[16843521, 0, 0, 1]"
0x1106,kind 0x1106,"0x1106(number, number, number)",2,14,14,ROOT > BPM > ,"[16843521, 0, 8000]"
0x1107,kind 0x1107,"0x1107(number, number, number)",2,4342,71,ROOT > RATING > ,"[16843521, 0, 1]"
0x1108,kind 0x1108,"0x1108(number, number, number)",2,7,7,ROOT > YEAR > ,"[16843521, 0, 2050]"
0x110a,kind 0x110a,"0x110a(number, number, number)",2,17,17,ROOT > LABEL > Ablazing Records,"[16843521, 0, 3723680785]"
0x110d,kind 0x110d,"0x110d(number, number, number)",2,4,4,ROOT > COLOR > Pink,"[16843521, 0, 1]"
0x1110,kind 0x1110,"0x1110(number, number, number)",2,12,12,ROOT > TIME > ,"[16843521, 0, 11]"
0x1111,kind 0x1111,"0x1111(number, number, number)",2,17,17,ROOT > BITRATE > ,"[16843521, 0, 2304]"
0x1114,related keys,"0x1114(number, number, number)",2,6,6,ROOT > KEY > 1A,"[16843521, 0, 1]"
0x1201,genre artist's albums,"0x1201(number, number, number, number)",4,7,7,ROOT > GENRE > Acoustic > S3RL Ft. Tamika,"[16843521, 0, 864528331, 105932388]"
0x1202,artist's album tracks,"0x1202(number, number, number, number)",4,13,13,ROOT > ARTIST > Abitan > ALL,"[16843521, 0, 1012899719, 4294967295]"
0x1206,kind 0x1206,"0x1206(number, number, number, number)",4,4,4,ROOT > BPM >  > ,"[16843521, 0, 8000, 0]"
0x1208,kind 0x1208,"0x1208(number, number, number, number)",4,574,105,ROOT > YEAR >  > ,"[16843521, 0, 2050, 2050]"
0x120a,kind 0x120a,"0x120a(number, number, number, number)",4,19,19,ROOT > LABEL > Ablazing Records > Trance Ferhat & Gayax,"[16843521, 0, 3723680785, 3110372750]"
0x1214,key's tracks,"0x1214(number, number, number, number)",2,968,128,ROOT > KEY > 1A > 1A,"[16843521, 0, 1, 1]"
0x1301,genre artist's album tracks,"0x1301(number, number, number, number, number)",6,8,8,ROOT > GENRE > Acoustic > S3RL Ft. Tamika > Unknown,"[16843521, 0, 864528331, 105932388, 0]"
0x1302,kind 0x1302,"0x1302(number, number)",1,0,0,ROOT > ORIGINAL ARTIST,"[16843521, 0]"
0x130a,kind 0x130a,"0x130a(number, number, number, number, number)",6,20,20,ROOT > LABEL > Ablazing Records > Trance Ferhat & Gayax > Ablazing Spring Sessions 2022,"[16843521, 0, 3723680785, 3110372750, 2874815712]"
0x1602,kind 0x1602,"0x1602(number, number)",1,540,64,ROOT > REMIXER,"[16843521, 0]"
0x1702,kind 0x1702,"0x1702(number, number, number)",2,2,2,ROOT > REMIXER > ABJ & Riche,"[16843521, 0, 4118113188]"
0x1802,kind 0x1802,"0x1802(number, number, number, number)",2,2,2,ROOT > REMIXER > ABJ & Riche > Bang On!,"[16843521, 0, 4118113188, 11175271]"
