variant,axis,value,word,state,run1_outcome,run1_response_kind,run1_response_argument_count,run1_status,run1_response_record_count,run1_process_state,run1_application_event_count,run1_database_effect,run1_getter_outcome,run1_getter_effect,run1_getter_record_count,run1_getter_record_lengths,run1_getter_blob_bytes,run1_getter_unavailable_process_state,run1_getter_unavailable_application_event_count,run1_restart_getter_outcome,run1_restart_getter_effect,run1_restart_getter_record_lengths,run1_restart_getter_blob_bytes,run1_restart_database_effect,run2_outcome,run2_response_kind,run2_response_argument_count,run2_status,run2_response_record_count,run2_process_state,run2_application_event_count,run2_database_effect,run2_getter_outcome,run2_getter_effect,run2_getter_record_count,run2_getter_record_lengths,run2_getter_blob_bytes,run2_getter_unavailable_process_state,run2_getter_unavailable_application_event_count,run2_restart_getter_outcome,run2_restart_getter_effect,run2_restart_getter_record_lengths,run2_restart_getter_blob_bytes,run2_restart_database_effect,repeat_verified
actual-cue-length-00000000,actual-cue-length,0,,complete,timeout,,,,,alive,0,pristine,timeout,unavailable-timeout,,,,,,raw_reply,pristine,124/124/124,372,pristine,timeout,,,,,alive,0,pristine,timeout,unavailable-timeout,,,,,,raw_reply,pristine,124/124/124,372,pristine,True
actual-cue-length-00000001,actual-cue-length,1,,complete,raw_reply,18178,9,1,0,alive,0,pristine,raw_reply,pristine,3,124/124/124,372,,,skipped-immediate-raw-reply,,,,,raw_reply,18178,9,1,0,alive,0,pristine,raw_reply,pristine,3,124/124/124,372,,,skipped-immediate-raw-reply,,,,,True
actual-cue-length-00000003,actual-cue-length,3,,complete,raw_reply,18178,9,1,0,alive,0,pristine,raw_reply,pristine,3,124/124/124,372,,,skipped-immediate-raw-reply,,,,,raw_reply,18178,9,1,0,alive,0,pristine,raw_reply,pristine,3,124/124/124,372,,,skipped-immediate-raw-reply,,,,,True
actual-cue-length-00000004,actual-cue-length,4,,complete,raw_reply,18178,9,1,0,alive,0,pristine,raw_reply,pristine,3,124/124/124,372,,,skipped-immediate-raw-reply,,,,,raw_reply,18178,9,1,0,alive,0,pristine,raw_reply,pristine,3,124/124/124,372,,,skipped-immediate-raw-reply,,,,,True
actual-cue-length-00000007,actual-cue-length,7,,complete,raw_reply,18178,9,0,2,alive,0,pristine,raw_reply,pristine,3,124/124/124,372,,,skipped-immediate-raw-reply,,,,,raw_reply,18178,9,0,2,alive,0,pristine,raw_reply,pristine,3,124/124/124,372,,,skipped-immediate-raw-reply,,,,,True
actual-cue-length-00000008,actual-cue-length,8,,complete,raw_reply,18178,9,0,2,alive,0,pristine,raw_reply,pristine,3,124/124/124,372,,,skipped-immediate-raw-reply,,,,,raw_reply,18178,9,0,2,alive,0,pristine,raw_reply,pristine,3,124/124/124,372,,,skipped-immediate-raw-reply,,,,,True
actual-cue-length-00000023,actual-cue-length,35,,complete,raw_reply,18178,9,0,2,alive,0,pristine,raw_reply,pristine,3,124/124/124,372,,,skipped-immediate-raw-reply,,,,,raw_reply,18178,9,0,2,alive,0,pristine,raw_reply,pristine,3,124/124/124,372,,,skipped-immediate-raw-reply,,,,,True
actual-cue-length-00000024,actual-cue-length,36,,complete,raw_reply,18178,9,0,2,alive,0,changed,raw_reply,changed,3,56/124/124,304,,,skipped-immediate-raw-reply,,,,,raw_reply,18178,9,0,2,alive,0,changed,raw_reply,changed,3,56/124/124,304,,,skipped-immediate-raw-reply,,,,,True
actual-cue-length-00000025,actual-cue-length,37,,complete,raw_reply,18178,9,0,2,alive,0,pristine,raw_reply,pristine,3,124/124/124,372,,,skipped-immediate-raw-reply,,,,,raw_reply,18178,9,0,2,alive,0,pristine,raw_reply,pristine,3,124/124/124,372,,,skipped-immediate-raw-reply,,,,,True
declared-cue-length-00000000,declared-cue-length,0,,complete,raw_reply,256,0,,,alive,0,pristine,raw_reply,pristine,3,124/124/124,372,,,skipped-immediate-raw-reply,,,,,raw_reply,256,0,,,alive,0,pristine,raw_reply,pristine,3,124/124/124,372,,,skipped-immediate-raw-reply,,,,,True
declared-cue-length-00000001,declared-cue-length,1,,complete,raw_reply,256,0,,,alive,0,pristine,raw_reply,pristine,3,124/124/124,372,,,skipped-immediate-raw-reply,,,,,raw_reply,256,0,,,alive,0,pristine,raw_reply,pristine,3,124/124/124,372,,,skipped-immediate-raw-reply,,,,,True
declared-cue-length-00000023,declared-cue-length,35,,complete,raw_reply,256,0,,,alive,0,pristine,raw_reply,pristine,3,124/124/124,372,,,skipped-immediate-raw-reply,,,,,raw_reply,256,0,,,alive,0,pristine,raw_reply,pristine,3,124/124/124,372,,,skipped-immediate-raw-reply,,,,,True
declared-cue-length-00000024,declared-cue-length,36,,complete,raw_reply,18178,9,0,2,alive,0,changed,raw_reply,changed,3,56/124/124,304,,,skipped-immediate-raw-reply,,,,,raw_reply,18178,9,0,2,alive,0,changed,raw_reply,changed,3,56/124/124,304,,,skipped-immediate-raw-reply,,,,,True
declared-cue-length-00000025,declared-cue-length,37,,complete,raw_reply,18178,9,0,2,alive,0,pristine,raw_reply,pristine,3,124/124/124,372,,,skipped-immediate-raw-reply,,,,,raw_reply,18178,9,0,2,alive,0,pristine,raw_reply,pristine,3,124/124/124,372,,,skipped-immediate-raw-reply,,,,,True
declared-cue-length-ffffffff,declared-cue-length,4294967295,,complete,raw_reply,256,0,,,alive,0,pristine,timeout,unavailable-timeout,,,,,,raw_reply,pristine,124/124/124,372,pristine,raw_reply,256,0,,,alive,0,pristine,timeout,unavailable-timeout,,,,,,raw_reply,pristine,124/124/124,372,pristine,True
flag-00000000,flag,0,,complete,raw_reply,18178,9,0,2,alive,0,pristine,raw_reply,pristine,3,124/124/124,372,,,skipped-immediate-raw-reply,,,,,raw_reply,18178,9,0,2,alive,0,pristine,raw_reply,pristine,3,124/124/124,372,,,skipped-immediate-raw-reply,,,,,True
flag-0003ffff,flag,262143,,complete,raw_reply,18178,9,0,2,alive,0,pristine,raw_reply,pristine,3,124/124/124,372,,,skipped-immediate-raw-reply,,,,,raw_reply,18178,9,0,2,alive,0,pristine,raw_reply,pristine,3,124/124/124,372,,,skipped-immediate-raw-reply,,,,,True
flag-00040000,flag,262144,,complete,raw_reply,18178,9,0,2,alive,0,changed,raw_reply,changed,3,56/124/124,304,,,skipped-immediate-raw-reply,,,,,raw_reply,18178,9,0,2,alive,0,changed,raw_reply,changed,3,56/124/124,304,,,skipped-immediate-raw-reply,,,,,True
flag-00040001,flag,262145,,complete,raw_reply,18178,9,0,2,alive,0,changed,raw_reply,changed,3,56/124/124,304,,,skipped-immediate-raw-reply,,,,,raw_reply,18178,9,0,2,alive,0,changed,raw_reply,changed,3,56/124/124,304,,,skipped-immediate-raw-reply,,,,,True
flag-00040100,flag,262400,,complete,raw_reply,18178,9,0,2,alive,0,changed,raw_reply,changed,3,56/124/124,304,,,skipped-immediate-raw-reply,,,,,raw_reply,18178,9,0,2,alive,0,changed,raw_reply,changed,3,56/124/124,304,,,skipped-immediate-raw-reply,,,,,True
flag-0004ffff,flag,327679,,complete,raw_reply,18178,9,0,2,alive,0,changed,raw_reply,changed,3,56/124/124,304,,,skipped-immediate-raw-reply,,,,,raw_reply,18178,9,0,2,alive,0,changed,raw_reply,changed,3,56/124/124,304,,,skipped-immediate-raw-reply,,,,,True
flag-00050000,flag,327680,,complete,raw_reply,18178,9,0,2,alive,0,changed,raw_reply,changed,3,124/56/124,304,,,skipped-immediate-raw-reply,,,,,raw_reply,18178,9,0,2,alive,0,changed,raw_reply,changed,3,124/56/124,304,,,skipped-immediate-raw-reply,,,,,True
flag-0005ffff,flag,393215,,complete,raw_reply,18178,9,0,2,alive,0,changed,raw_reply,changed,3,124/56/124,304,,,skipped-immediate-raw-reply,,,,,raw_reply,18178,9,0,2,alive,0,changed,raw_reply,changed,3,124/56/124,304,,,skipped-immediate-raw-reply,,,,,True
flag-00060000,flag,393216,,complete,raw_reply,18178,9,0,2,alive,0,changed,raw_reply,changed,3,124/124/56,304,,,skipped-immediate-raw-reply,,,,,raw_reply,18178,9,0,2,alive,0,changed,raw_reply,changed,3,124/124/56,304,,,skipped-immediate-raw-reply,,,,,True
flag-0006ffff,flag,458751,,complete,raw_reply,18178,9,0,2,alive,0,changed,raw_reply,changed,3,124/124/56,304,,,skipped-immediate-raw-reply,,,,,raw_reply,18178,9,0,2,alive,0,changed,raw_reply,changed,3,124/124/56,304,,,skipped-immediate-raw-reply,,,,,True
flag-00070000,flag,458752,,complete,raw_reply,18178,9,0,2,alive,0,pristine,raw_reply,pristine,3,124/124/124,372,,,skipped-immediate-raw-reply,,,,,raw_reply,18178,9,0,2,alive,0,pristine,raw_reply,pristine,3,124/124/124,372,,,skipped-immediate-raw-reply,,,,,True
flag-ffffffff,flag,4294967295,,complete,raw_reply,18178,9,0,2,alive,0,pristine,raw_reply,pristine,3,124/124/124,372,,,skipped-immediate-raw-reply,,,,,raw_reply,18178,9,0,2,alive,0,pristine,raw_reply,pristine,3,124/124/124,372,,,skipped-immediate-raw-reply,,,,,True
actual-extension-length-00000000,actual-extension-length,0,,complete,raw_reply,18178,9,0,2,alive,0,changed,raw_reply,changed,3,56/124/124,304,,,skipped-immediate-raw-reply,,,,,raw_reply,18178,9,0,2,alive,0,changed,raw_reply,changed,3,56/124/124,304,,,skipped-immediate-raw-reply,,,,,True
actual-extension-length-00000001,actual-extension-length,1,,complete,raw_reply,18178,9,0,2,alive,0,changed,raw_reply,changed,3,56/124/124,304,,,skipped-immediate-raw-reply,,,,,raw_reply,18178,9,0,2,alive,0,changed,raw_reply,changed,3,56/124/124,304,,,skipped-immediate-raw-reply,,,,,True
actual-extension-length-00000007,actual-extension-length,7,,complete,raw_reply,18178,9,0,2,alive,0,changed,raw_reply,changed,3,56/124/124,304,,,skipped-immediate-raw-reply,,,,,raw_reply,18178,9,0,2,alive,0,changed,raw_reply,changed,3,56/124/124,304,,,skipped-immediate-raw-reply,,,,,True
actual-extension-length-00000008,actual-extension-length,8,,complete,raw_reply,18178,9,0,2,alive,0,changed,raw_reply,changed,3,56/124/124,304,,,skipped-immediate-raw-reply,,,,,raw_reply,18178,9,0,2,alive,0,changed,raw_reply,changed,3,56/124/124,304,,,skipped-immediate-raw-reply,,,,,True
actual-extension-length-00000009,actual-extension-length,9,,complete,raw_reply,18178,9,0,2,alive,0,changed,raw_reply,changed,3,56/124/124,304,,,skipped-immediate-raw-reply,,,,,raw_reply,18178,9,0,2,alive,0,changed,raw_reply,changed,3,56/124/124,304,,,skipped-immediate-raw-reply,,,,,True
actual-extension-length-00000010,actual-extension-length,16,,complete,raw_reply,18178,9,0,2,alive,0,changed,raw_reply,changed,3,56/124/124,304,,,skipped-immediate-raw-reply,,,,,raw_reply,18178,9,0,2,alive,0,changed,raw_reply,changed,3,56/124/124,304,,,skipped-immediate-raw-reply,,,,,True
declared-extension-length-00000000,declared-extension-length,0,,complete,raw_reply,256,0,,,alive,0,changed,raw_reply,changed,3,56/124/124,304,,,skipped-immediate-raw-reply,,,,,raw_reply,256,0,,,alive,0,changed,raw_reply,changed,3,56/124/124,304,,,skipped-immediate-raw-reply,,,,,True
declared-extension-length-00000001,declared-extension-length,1,,complete,disconnect,,,,,exited,1,pristine,skipped-process-exited,unavailable-process-exited,,,,exited,1,raw_reply,pristine,124/124/124,372,pristine,disconnect,,,,,exited,1,pristine,skipped-process-exited,unavailable-process-exited,,,,exited,1,raw_reply,pristine,124/124/124,372,pristine,True
declared-extension-length-00000007,declared-extension-length,7,,complete,timeout,,,,,alive,0,pristine,skipped-dbserver-connect-timeout,unavailable-dbserver-connect-timeout,,,,exited,1,raw_reply,pristine,124/124/124,372,pristine,timeout,,,,,alive,0,pristine,skipped-dbserver-connect-timeout,unavailable-dbserver-connect-timeout,,,,exited,1,raw_reply,pristine,124/124/124,372,pristine,True
declared-extension-length-00000008,declared-extension-length,8,,complete,raw_reply,18178,9,0,2,alive,0,changed,skipped-port-query-timeout,unavailable-port-query-timeout,,,,alive,0,raw_reply,changed,56/124/124,304,changed,raw_reply,18178,9,0,2,alive,0,changed,skipped-port-query-timeout,unavailable-port-query-timeout,,,,alive,0,raw_reply,changed,56/124/124,304,changed,True
declared-extension-length-00000009,declared-extension-length,9,,complete,raw_reply,18178,9,0,2,alive,0,changed,skipped-port-query-timeout,unavailable-port-query-timeout,,,,alive,0,raw_reply,changed,56/124/124,304,changed,raw_reply,18178,9,0,2,alive,0,changed,skipped-port-query-timeout,unavailable-port-query-timeout,,,,alive,0,raw_reply,changed,56/124/124,304,changed,True
declared-extension-length-ffffffff,declared-extension-length,4294967295,,complete,raw_reply,256,0,,,alive,0,pristine,timeout,unavailable-timeout,,,,,,raw_reply,pristine,124/124/124,372,pristine,raw_reply,256,0,,,alive,0,pristine,timeout,unavailable-timeout,,,,,,raw_reply,pristine,124/124/124,372,pristine,True
content-id-00000000,content-id,0,,complete,raw_reply,18178,9,1,0,alive,0,changed,skipped-port-query-timeout,unavailable-port-query-timeout,,,,alive,0,raw_reply,changed,56/124/124,304,changed,raw_reply,18178,9,1,0,alive,0,changed,skipped-port-query-timeout,unavailable-port-query-timeout,,,,alive,0,raw_reply,changed,56/124/124,304,changed,True
content-id-00002711,content-id,10001,,complete,raw_reply,18178,9,0,2,alive,0,changed,skipped-port-query-timeout,unavailable-port-query-timeout,,,,alive,0,raw_reply,changed,56/124/124,304,changed,raw_reply,18178,9,0,2,alive,0,changed,skipped-port-query-timeout,unavailable-port-query-timeout,,,,alive,0,raw_reply,changed,56/124/124,304,changed,True
content-id-000f423f,content-id,999999,,complete,raw_reply,18178,9,0,1,alive,0,changed,skipped-port-query-timeout,unavailable-port-query-timeout,,,,alive,0,raw_reply,changed,56/124/124,304,changed,raw_reply,18178,9,0,1,alive,0,changed,skipped-port-query-timeout,unavailable-port-query-timeout,,,,alive,0,raw_reply,changed,56/124/124,304,changed,True
content-id-ffffffff,content-id,4294967295,,complete,raw_reply,18178,9,1,0,alive,0,changed,skipped-port-query-timeout,unavailable-port-query-timeout,,,,alive,0,raw_reply,changed,56/124/124,304,changed,raw_reply,18178,9,1,0,alive,0,changed,skipped-port-query-timeout,unavailable-port-query-timeout,,,,alive,0,raw_reply,changed,56/124/124,304,changed,True
fixed-word-2-00000000,fixed-word,0,2,complete,raw_reply,18178,9,0,2,alive,0,changed,skipped-port-query-timeout,unavailable-port-query-timeout,,,,alive,0,raw_reply,changed,56/124/124,304,changed,raw_reply,18178,9,0,2,alive,0,changed,skipped-port-query-timeout,unavailable-port-query-timeout,,,,alive,0,raw_reply,changed,56/124/124,304,changed,True
fixed-word-2-ffffffff,fixed-word,4294967295,2,complete,raw_reply,18178,9,0,2,alive,0,changed,skipped-port-query-timeout,unavailable-port-query-timeout,,,,alive,0,raw_reply,changed,56/124/124,304,changed,raw_reply,18178,9,0,2,alive,0,changed,skipped-port-query-timeout,unavailable-port-query-timeout,,,,alive,0,raw_reply,changed,56/124/124,304,changed,True
fixed-word-3-00000000,fixed-word,0,3,complete,raw_reply,18178,9,0,2,alive,0,changed,skipped-port-query-timeout,unavailable-port-query-timeout,,,,alive,0,raw_reply,changed,56/124/124,304,changed,raw_reply,18178,9,0,2,alive,0,changed,skipped-port-query-timeout,unavailable-port-query-timeout,,,,alive,0,raw_reply,changed,56/124/124,304,changed,True
fixed-word-3-ffffffff,fixed-word,4294967295,3,complete,raw_reply,18178,9,0,2,alive,0,changed,skipped-port-query-timeout,unavailable-port-query-timeout,,,,alive,0,raw_reply,changed,56/124/124,304,changed,raw_reply,18178,9,0,2,alive,0,changed,skipped-port-query-timeout,unavailable-port-query-timeout,,,,alive,0,raw_reply,changed,56/124/124,304,changed,True
fixed-word-4-00000000,fixed-word,0,4,complete,raw_reply,18178,9,0,2,alive,0,changed,skipped-port-query-timeout,unavailable-port-query-timeout,,,,alive,0,raw_reply,changed,56/124/124,304,changed,raw_reply,18178,9,0,2,alive,0,changed,skipped-port-query-timeout,unavailable-port-query-timeout,,,,alive,0,raw_reply,changed,56/124/124,304,changed,True
fixed-word-4-ffffffff,fixed-word,4294967295,4,complete,raw_reply,18178,9,0,2,alive,0,changed,skipped-port-query-timeout,unavailable-port-query-timeout,,,,alive,0,raw_reply,changed,56/124/124,304,changed,raw_reply,18178,9,0,2,alive,0,changed,skipped-port-query-timeout,unavailable-port-query-timeout,,,,alive,0,raw_reply,changed,56/124/124,304,changed,True
fixed-word-5-00000000,fixed-word,0,5,complete,raw_reply,18178,9,0,2,alive,0,changed,skipped-port-query-timeout,unavailable-port-query-timeout,,,,alive,0,raw_reply,changed,56/124/124,304,changed,raw_reply,18178,9,0,2,alive,0,changed,skipped-port-query-timeout,unavailable-port-query-timeout,,,,alive,0,raw_reply,changed,56/124/124,304,changed,True
fixed-word-5-ffffffff,fixed-word,4294967295,5,complete,raw_reply,18178,9,0,2,alive,0,changed,skipped-port-query-timeout,unavailable-port-query-timeout,,,,alive,0,raw_reply,changed,56/124/124,304,changed,raw_reply,18178,9,0,2,alive,0,changed,skipped-port-query-timeout,unavailable-port-query-timeout,,,,alive,0,raw_reply,changed,56/124/124,304,changed,True
fixed-word-6-00000000,fixed-word,0,6,complete,raw_reply,18178,9,0,2,alive,0,changed,skipped-port-query-timeout,unavailable-port-query-timeout,,,,alive,0,raw_reply,changed,56/124/124,304,changed,raw_reply,18178,9,0,2,alive,0,changed,skipped-port-query-timeout,unavailable-port-query-timeout,,,,alive,0,raw_reply,changed,56/124/124,304,changed,True
fixed-word-6-ffffffff,fixed-word,4294967295,6,complete,raw_reply,18178,9,0,2,alive,0,changed,skipped-port-query-timeout,unavailable-port-query-timeout,,,,alive,0,raw_reply,changed,56/124/124,304,changed,raw_reply,18178,9,0,2,alive,0,changed,skipped-port-query-timeout,unavailable-port-query-timeout,,,,alive,0,raw_reply,changed,56/124/124,304,changed,True
fixed-word-7-00000000,fixed-word,0,7,complete,raw_reply,18178,9,0,2,alive,0,changed,skipped-port-query-timeout,unavailable-port-query-timeout,,,,alive,0,raw_reply,changed,56/124/124,304,changed,raw_reply,18178,9,0,2,alive,0,changed,skipped-port-query-timeout,unavailable-port-query-timeout,,,,alive,0,raw_reply,changed,56/124/124,304,changed,True
fixed-word-7-ffffffff,fixed-word,4294967295,7,complete,raw_reply,18178,9,0,2,alive,0,changed,skipped-port-query-timeout,unavailable-port-query-timeout,,,,alive,0,raw_reply,changed,56/124/124,304,changed,raw_reply,18178,9,0,2,alive,0,changed,skipped-port-query-timeout,unavailable-port-query-timeout,,,,alive,0,raw_reply,changed,56/124/124,304,changed,True
fixed-word-8-00000000,fixed-word,0,8,complete,raw_reply,18178,9,0,2,alive,0,changed,skipped-port-query-timeout,unavailable-port-query-timeout,,,,alive,0,raw_reply,changed,56/124/124,304,changed,raw_reply,18178,9,0,2,alive,0,changed,skipped-port-query-timeout,unavailable-port-query-timeout,,,,alive,0,raw_reply,changed,56/124/124,304,changed,True
fixed-word-8-ffffffff,fixed-word,4294967295,8,complete,raw_reply,18178,9,0,2,alive,0,changed,skipped-port-query-timeout,unavailable-port-query-timeout,,,,alive,0,raw_reply,changed,56/124/124,304,changed,raw_reply,18178,9,0,2,alive,0,changed,skipped-port-query-timeout,unavailable-port-query-timeout,,,,alive,0,raw_reply,changed,56/124/124,304,changed,True
