pair,first,second,first_outcome,first_total,second_outcome,second_total,probe_outcome,probe_total,process_count,responding_count,application_event_count,golden_sha256,receipt_sha256
play-no-arguments__then__play-no-arguments,play-no-arguments,play-no-arguments,timeout,,timeout,,menu,13,1,1,0,1dd58a6ad5794e45006859873472a3fcf0c037a130d5a0efc58cdfe68b445856,cd8b99a590831e3681bc4a3a42cb7499f10862956bdbef9788381bf3f6c7ead6
play-no-arguments__then__play-missing-content,play-no-arguments,play-missing-content,timeout,,menu,0,menu,13,1,1,0,339235f2e2892f36ead8ae12a4b91072eb5a6c36438a07079eddcc9e3fb9ac4b,1c5bb059e4995d8cc7ff4c40a0826df2298650306b13316b3ad8c13780818c9b
play-no-arguments__then__play-extra-argument,play-no-arguments,play-extra-argument,timeout,,menu,7,menu,13,1,1,0,d4d12e69b1286bb7f3afd6155a4bae6f41dcc2caa41c85495f0b42032195e2e3,8d41c23a65b4f51a84765732fd70b56191fa867d36b62a31a92fceaa63dfbbed
play-no-arguments__then__play-string-context,play-no-arguments,play-string-context,timeout,,menu,,menu,13,1,1,0,e9bf5baf94b32cc121fb500f66f82a946c70bc4e0e0cd9c7f1ec420286d19503,ae6acbf0b1d6a1f345684f5c2531ccb60e2492ac39c170754107312444e84bf2
play-no-arguments__then__play-blob-context,play-no-arguments,play-blob-context,timeout,,menu,,menu,13,1,1,0,febcb366302498a3485fd1c5a8d9f7545f74dadb98bf4474524bc222fbfb3856,f4841753dfc81a1af00d6b60f9bdc12daa8214813bb97611a181ce920beb546e
play-no-arguments__then__play-string-content,play-no-arguments,play-string-content,timeout,,menu,0,menu,13,1,1,0,b5351698ee62240327d0b07d606b7aee30b87cb6bef5a02b73dcd47746bb126d,acf72c989d67308afac9fef4e17c48ca5394d3ddd6865378dceef30d93cfe375
play-no-arguments__then__play-blob-content,play-no-arguments,play-blob-content,timeout,,menu,,menu,0,1,1,0,0f4422be4fc3a44b7ed3730e4c174e2903c501635ed92c1f8154eebda18e2295,2ce7bbf88e085e6d44bb3b45dacf9d845c78c6fec1d2e07a2a3401b0358b6531
play-no-arguments__then__play-zero-context,play-no-arguments,play-zero-context,timeout,,timeout,,menu,13,1,1,0,cbac544e46ff88dae200fa1422fb96019620ecff7c339acba0f36c8114eb2fb2,61e71f1cf2205bf797797bcec0d46eaf2b9fe37eb8c0735a22d11c1a4865ebf9
play-no-arguments__then__play-alternate-location,play-no-arguments,play-alternate-location,timeout,,menu,7,menu,13,1,1,0,5f0f508ed46af171f040c541ad9b3dc906cab5dcde05047e2a1515dfec6d5ac6,4b9c2b0785f5fbeec6fb40ded4d57ac930923f3210caeeae34244212c535eec2
play-no-arguments__then__delivery-no-arguments,play-no-arguments,delivery-no-arguments,timeout,,timeout,,menu,13,1,1,0,6d8f706a503b7f1e4f7e164549baf0fe11efb9d7bc208502fc7a8fe14bf2c5b3,5b841cef9d14a3faa94bef40a121cf5e6e76546ec84409f37ed33bdcb38a47f9
play-no-arguments__then__delivery-missing-content,play-no-arguments,delivery-missing-content,timeout,,menu,0,menu,13,1,1,0,0435bed4f35c14add21b74887be88e38b8043473fbc88e8e60bd89c05f924e1a,7859207666d81fd4fcf9893938489225b6c0c177bc0e602f718c7946d0c00c94
play-no-arguments__then__delivery-extra-argument,play-no-arguments,delivery-extra-argument,timeout,,menu,13,menu,13,1,1,0,1adc5f8c64684113faac721d1c9c6db1eae68d547b4405737c44464b0948ceea,c623c367009db5bc4efd5a87edf0be6254fb4667d69e7fe2e6ef938d41082cee
play-no-arguments__then__delivery-string-context,play-no-arguments,delivery-string-context,timeout,,menu,,menu,13,1,1,0,d13b4d53ddb88c03a50db7fb89ba14b9987f997a3dc13fc1e5ca875bf24c400b,b4a0004f6f408160a16c777a80b2369fbe7f1aa17e99079b234f29a654e5b922
play-no-arguments__then__delivery-blob-context,play-no-arguments,delivery-blob-context,timeout,,menu,,menu,13,1,1,0,5ce9cf58585945198eb4385c45f34bb7dea8e26baab13d82a6f47f24a3510940,3d4fc0242b739579e0267902bff58f42a49235f18220b6ee9ce4742eab231cab
play-no-arguments__then__delivery-string-content,play-no-arguments,delivery-string-content,timeout,,menu,0,menu,13,1,1,0,d616e52ffc172c2489433e19b3b1f351641ad149a1f50c75e27353283f8b71b4,b0d82b3094ed98b3fac33ce54fa76d320f04b4324bc20f0480cf1a5b9ac88174
play-no-arguments__then__delivery-blob-content,play-no-arguments,delivery-blob-content,timeout,,menu,,menu,0,1,1,0,64040b1f3d5f58468599a6366fdb5bb08eef59e1b010c0dacb3dbde644696537,3449e52639babc54e62a49f5f5f663c6817e8c10ee8117ab86507f9bf2b74839
play-missing-content__then__play-no-arguments,play-missing-content,play-no-arguments,menu,0,timeout,,menu,13,1,1,0,582b65c2b65ebb8ee895eb217f8c6b96b49f1867935addcb095376f090db4f15,1d233a96f26a3dbb3683f28b40175e63f6b2eaaa78c9eb45a0d2e3c6e0f51058
play-missing-content__then__play-missing-content,play-missing-content,play-missing-content,menu,0,menu,0,menu,13,1,1,0,3447722026649829e5e8536a89ebbe110deb28d9b577e5b41a1f2facd60accac,4c6ef06f3a897975d4a06b7ff2a03b32fcf1b087ac41281dcb9df9598ab5077e
play-missing-content__then__play-extra-argument,play-missing-content,play-extra-argument,menu,0,menu,7,menu,13,1,1,0,9e852727347e043e9639b3a258c79351ee3aee03c46a2a14b235c109b4466dfa,3c812ff14fe20a61ce11fb9066db4d46a62b2a1dd529e65fcfd0da22c46c6728
play-missing-content__then__play-string-context,play-missing-content,play-string-context,menu,0,menu,,menu,13,1,1,0,b941dc60cd8d299594f7a18ec31f89984a956767a5eabda27eb18bb595abe00a,0203430432e02ee243f4a032b74a0d979b9a0a267d54d132f2c11a58b4b77fbc
play-missing-content__then__play-blob-context,play-missing-content,play-blob-context,menu,0,menu,,menu,13,1,1,0,48a2da1ca02d93d099f6c726ae4353309667b419e0bf32b180029cacaf432122,c5ebac2617a7aa1eed26376f3fb0ab42f0aaf4c9e14c508d0b836b90b19e2c00
play-missing-content__then__play-string-content,play-missing-content,play-string-content,menu,0,menu,0,menu,13,1,1,0,0626c19a109a4a23409f0cbe98f047aff02c5f0723bbe693ce8f8b44463ef12f,5bf5a3db79b9ea1783845a56f244d91e6c112b662e8133302cf7dfecc948867a
play-missing-content__then__play-blob-content,play-missing-content,play-blob-content,menu,0,menu,,menu,13,1,1,0,d06e821680b477a4401ef807b1858e89ccb8a685b47f767b87a853218fb05e50,c39d9b392143a5483d0d1e4f285da8fed551d47bc8c093984cdb05a1f0eed002
play-missing-content__then__play-zero-context,play-missing-content,play-zero-context,menu,0,timeout,,menu,13,1,1,0,f1413b32e7815745cff608a7c1fc79883f8c4980b44d2c3011735dfea70dfc68,ac75fd3c3b34acf9fcac59d6b461c2340665279837f2ddf5d53f5c823a5128db
play-missing-content__then__play-alternate-location,play-missing-content,play-alternate-location,menu,0,menu,7,menu,13,1,1,0,f5117d55f3acad053b78996456fc0b529ae8b850649020caf3d339f69eabebfe,29494e7f937ee2ca40667d841362a8f286559dd33e22422ef8b96bd3c8173636
play-missing-content__then__delivery-no-arguments,play-missing-content,delivery-no-arguments,menu,0,timeout,,menu,13,1,1,0,26e352513cb2fe422276a248438c9f96e1e3b2b7bf097f925ba17495cd4df7c5,9d305e058997220e2757c11ca4cfea04a4a35405fedd9286e9317543c926a6eb
play-missing-content__then__delivery-missing-content,play-missing-content,delivery-missing-content,menu,0,menu,0,menu,13,1,1,0,14f3ee0d05fa3500682ee936e12979d395e45a55e2ea1ad91a7db407c964f8a7,ef4b900bffdc936766b10cbcc4bd476a0bf353fc407f9bee5c903aaf4a8bcd76
play-missing-content__then__delivery-extra-argument,play-missing-content,delivery-extra-argument,menu,0,menu,13,menu,13,1,1,0,08aac24747b1628aea1b472e12edaf7cec44cae243b265cc8f257d8f473e45d9,de1bc6a79bd9f35c7090f84474d57b0b97adccee3324a5de800fc390698ecc80
play-missing-content__then__delivery-string-context,play-missing-content,delivery-string-context,menu,0,menu,,menu,13,1,1,0,11ac8ccb06968b10a3d137598a30707b5eb32124fb91599c0ac95fb1c67ab598,0b228906863ba76d2d2480a00c1de666ee4460bca127a0b90277428df5fc7a21
play-missing-content__then__delivery-blob-context,play-missing-content,delivery-blob-context,menu,0,menu,,menu,13,1,1,0,20137e48ef3b40ca7ba6d086acd8b2677e64fb1d315862366dc3404d3f71bcf4,b0de7a4c804cbeb04e035301b882d63aa263b3f435f4d43d54978118ebd4d0d8
play-missing-content__then__delivery-string-content,play-missing-content,delivery-string-content,menu,0,menu,0,menu,13,1,1,0,eb7500fd8c48fbd50c2c82e4d71f2c89bf42c08d09957f73e7c426be1be67504,58580fcdd4536d84739ebf92f4a3ac733793fa341c8738e74958b9fde5dc18cc
play-missing-content__then__delivery-blob-content,play-missing-content,delivery-blob-content,menu,0,menu,,menu,0,1,1,0,ca8954ea85bafb331eb13972de544fdd65fe5dc53acf84d064b3cd95e5c8927f,efc01e266212310f5e9cc7d40f924ebfe8527560b0ebb219df39ca697b182b8e
play-extra-argument__then__play-no-arguments,play-extra-argument,play-no-arguments,menu,7,timeout,,menu,13,1,1,0,123dd7cf2e63581882cee7b343e9ab579863dd33378a6cd0f3731e1fd311ee06,66c953f3f805989b703c32cfd05852db01c35b83e6688b8fddcd792fd3386021
play-extra-argument__then__play-missing-content,play-extra-argument,play-missing-content,menu,7,menu,0,menu,13,1,1,0,8a8c587362e24e8148eed593fcf1ed40858ea4ff7c3f7fc334fd8b2f48d979d8,30bde88ef2081351a39cdd9ff8935c7b700a83046e1612c15f426f710a036a93
play-extra-argument__then__play-extra-argument,play-extra-argument,play-extra-argument,menu,7,menu,7,menu,13,1,1,0,4436c2dbfadf1482b65404d67917bdca1b3e9b234c3a97f548b682d5ce7470e2,c2067f375468f96034b3fe5051a08a982399c34c2125c1ebfc62e3f9dcc9dcbe
play-extra-argument__then__play-string-context,play-extra-argument,play-string-context,menu,7,menu,,menu,13,1,1,0,260ec8f3afa83f4683ea7cf8605ac8c213a84d463925c6ab7c4c5cd6f100bb6d,87c707dce6a08a2c412b2d92647bee83a725ea85cc9b2f81043311baa5cb6cfe
play-extra-argument__then__play-blob-context,play-extra-argument,play-blob-context,menu,7,menu,,menu,13,1,1,0,9dc4073288737e22309600b28ed38bdaae328cabb467faabe6ccff7b704c092e,2b9ca694683a2a4f446aa689cd056d923228edeacffae1d581fab6add23ca5ca
play-extra-argument__then__play-string-content,play-extra-argument,play-string-content,menu,7,menu,0,menu,13,1,1,0,b48ddcb8779703ed1c44c4bc0808bad4b3f5302ebb5f4b9f93d00d9adec9886c,0b1b0b13e8a64cbc3668b919be87e3663279803d09a0dd7aa34dcdce751aefdd
play-extra-argument__then__play-blob-content,play-extra-argument,play-blob-content,menu,7,menu,,menu,0,1,1,0,1c94dcbb31de52c715b4b07b029d82629e85bf644a6be049030a2b6761a51a07,db4888b50eeb5363574d913b682d15f9e044ad7e84322e31164b1979d72cb8cf
play-extra-argument__then__play-zero-context,play-extra-argument,play-zero-context,menu,7,timeout,,menu,13,1,1,0,cb0d738e562e320b86f905580e73ebc3bc7f2059ee714e53bed2a44fcce12283,caa582ca8284d707c8aede795ca84611d0866658b29fa039fe7933265f1e1bd2
